sentence,tokens,labels
1 masala vada with spicy,"['1', 'masala', 'vada', 'with', 'spicy']","['B-QUANTITY', 'B-FOOD', 'I-FOOD', 'O', 'B-CUSTOMIZATION']"
2 idlis with extra chutney,"['2', 'idlis', 'with', 'extra', 'chutney']","['B-QUANTITY', 'B-FOOD', 'O', 'B-CUSTOMIZATION', 'I-CUSTOMIZATION']"
one pongal less oil,"['one', 'pongal', 'less', 'oil']","['B-QUANTITY', 'B-FOOD', 'B-CUSTOMIZATION', 'I-CUSTOMIZATION']"
three vada no onion,"['three', 'vada', 'no', 'onion']","['B-QUANTITY', 'B-FOOD', 'B-CUSTOMIZATION', 'I-CUSTOMIZATION']"
plate of puri with chutney,"['plate', 'of', 'puri', 'with', 'chutney']","['B-QUANTITY', 'O', 'B-FOOD', 'O', 'B-CUSTOMIZATION']"
half plate idli with chutney,"['half', 'plate', 'idli', 'with', 'chutney']","['B-QUANTITY', 'I-QUANTITY', 'B-FOOD', 'O', 'B-CUSTOMIZATION']"
two pooris no masala,"['two', 'pooris', 'no', 'masala']","['B-QUANTITY', 'B-FOOD', 'B-CUSTOMIZATION', 'I-CUSTOMIZATION']"
3 vada with less chutney,"['3', 'vada', 'with', 'less', 'chutney']","['B-QUANTITY', 'B-FOOD', 'O', 'B-CUSTOMIZATION', 'I-CUSTOMIZATION']"
just coffee,"['just', 'coffee']","['O', 'B-FOOD']"
one filter coffee,"['one', 'filter', 'coffee']","['B-QUANTITY', 'B-FOOD', 'I-FOOD']"
get me 2 masala dosas,"['get', 'me', '2', 'masala', 'dosas']","['O', 'O', 'B-QUANTITY', 'B-FOOD', 'I-FOOD']"
i want hot pongal,"['i', 'want', 'hot', 'pongal']","['O', 'O', 'B-CUSTOMIZATION', 'B-FOOD']"
4 idlis and 1 vada,"['4', 'idlis', 'and', '1', 'vada']","['B-QUANTITY', 'B-FOOD', 'O', 'B-QUANTITY', 'B-FOOD']"
single vada with no chutney,"['single', 'vada', 'with', 'no', 'chutney']","['B-QUANTITY', 'B-FOOD', 'O', 'B-CUSTOMIZATION', 'I-CUSTOMIZATION']"
plate of samosa with sauce,"['plate', 'of', 'samosa', 'with', 'sauce']","['B-QUANTITY', 'O', 'B-FOOD', 'O', 'B-CUSTOMIZATION']"
one hot idli,"['one', 'hot', 'idli']","['B-QUANTITY', 'B-CUSTOMIZATION', 'B-FOOD']"
no spicy in dosa,"['no', 'spicy', 'in', 'dosa']","['B-CUSTOMIZATION', 'I-CUSTOMIZATION', 'O', 'B-FOOD']"
extra sambar for pongal,"['extra', 'sambar', 'for', 'pongal']","['B-CUSTOMIZATION', 'I-CUSTOMIZATION', 'O', 'B-FOOD']"
one pav bhaji,"['one', 'pav', 'bhaji']","['B-QUANTITY', 'B-FOOD', 'I-FOOD']"
need strong tea,"['need', 'strong', 'tea']","['O', 'B-CUSTOMIZATION', 'B-FOOD']"
3 medu vada with sambar,"['3', 'medu', 'vada', 'with', 'sambar']","['B-QUANTITY', 'B-FOOD', 'I-FOOD', 'O', 'B-CUSTOMIZATION']"
no oil in pongal,"['no', 'oil', 'in', 'pongal']","['B-CUSTOMIZATION', 'I-CUSTOMIZATION', 'O', 'B-FOOD']"
give me 1 poori with less salt,"['give', 'me', '1', 'poori', 'with', 'less', 'salt']","['O', 'O', 'B-QUANTITY', 'B-FOOD', 'O', 'B-CUSTOMIZATION', 'I-CUSTOMIZATION']"
hot coffee please,"['hot', 'coffee', 'please']","['B-CUSTOMIZATION', 'B-FOOD', 'O']"
order one idli with extra chutney,"['order', 'one', 'idli', 'with', 'extra', 'chutney']","['O', 'B-QUANTITY', 'B-FOOD', 'O', 'B-CUSTOMIZATION', 'I-CUSTOMIZATION']"
i want 2 hot idlis,"['i', 'want', '2', 'hot', 'idlis']","['O', 'O', 'B-QUANTITY', 'B-CUSTOMIZATION', 'B-FOOD']"
just one vada with no chutney,"['just', 'one', 'vada', 'with', 'no', 'chutney']","['O', 'B-QUANTITY', 'B-FOOD', 'O', 'B-CUSTOMIZATION', 'I-CUSTOMIZATION']"
get me three masala dosas less spicy,"['get', 'me', 'three', 'masala', 'dosas', 'less', 'spicy']","['O', 'O', 'B-QUANTITY', 'B-FOOD', 'I-FOOD', 'B-CUSTOMIZATION', 'I-CUSTOMIZATION']"
half plate pongal no ghee,"['half', 'plate', 'pongal', 'no', 'ghee']","['B-QUANTITY', 'I-QUANTITY', 'B-FOOD', 'B-CUSTOMIZATION', 'I-CUSTOMIZATION']"
want hot coffee,"['want', 'hot', 'coffee']","['O', 'B-CUSTOMIZATION', 'B-FOOD']"
please give me 1 samosa with extra chutney,"['please', 'give', 'me', '1', 'samosa', 'with', 'extra', 'chutney']","['O', 'O', 'O', 'B-QUANTITY', 'B-FOOD', 'O', 'B-CUSTOMIZATION', 'I-CUSTOMIZATION']"
two pooris without spice,"['two', 'pooris', 'without', 'spice']","['B-QUANTITY', 'B-FOOD', 'B-CUSTOMIZATION', 'I-CUSTOMIZATION']"
bring filter coffee no sugar,"['bring', 'filter', 'coffee', 'no', 'sugar']","['O', 'B-FOOD', 'I-FOOD', 'B-CUSTOMIZATION', 'I-CUSTOMIZATION']"
need one vada and idli,"['need', 'one', 'vada', 'and', 'idli']","['O', 'B-QUANTITY', 'B-FOOD', 'O', 'B-FOOD']"
a plate of pongal with less oil,"['a', 'plate', 'of', 'pongal', 'with', 'less', 'oil']","['O', 'B-QUANTITY', 'O', 'B-FOOD', 'O', 'B-CUSTOMIZATION', 'I-CUSTOMIZATION']"
two plates of idli with extra chutney,"['two', 'plates', 'of', 'idli', 'with', 'extra', 'chutney']","['B-QUANTITY', 'I-QUANTITY', 'O', 'B-FOOD', 'O', 'B-CUSTOMIZATION', 'I-CUSTOMIZATION']"
give me a spicy masala dosa,"['give', 'me', 'a', 'spicy', 'masala', 'dosa']","['O', 'O', 'O', 'B-CUSTOMIZATION', 'B-FOOD', 'I-FOOD']"
i want one vada without onion,"['i', 'want', 'one', 'vada', 'without', 'onion']","['O', 'O', 'B-QUANTITY', 'B-FOOD', 'B-CUSTOMIZATION', 'I-CUSTOMIZATION']"
bring half plate poori with extra sambar,"['bring', 'half', 'plate', 'poori', 'with', 'extra', 'sambar']","['O', 'B-QUANTITY', 'I-QUANTITY', 'B-FOOD', 'O', 'B-CUSTOMIZATION', 'I-CUSTOMIZATION']"
need three idlis with no chutney,"['need', 'three', 'idlis', 'with', 'no', 'chutney']","['O', 'B-QUANTITY', 'B-FOOD', 'O', 'B-CUSTOMIZATION', 'I-CUSTOMIZATION']"
just a cup of strong coffee,"['just', 'a', 'cup', 'of', 'strong', 'coffee']","['O', 'O', 'B-QUANTITY', 'O', 'B-CUSTOMIZATION', 'B-FOOD']"
i will take two masala dosas,"['i', 'will', 'take', 'two', 'masala', 'dosas']","['O', 'O', 'O', 'B-QUANTITY', 'B-FOOD', 'I-FOOD']"
get me a hot vada,"['get', 'me', 'a', 'hot', 'vada']","['O', 'O', 'O', 'B-CUSTOMIZATION', 'B-FOOD']"
no oil in my pongal,"['no', 'oil', 'in', 'my', 'pongal']","['B-CUSTOMIZATION', 'I-CUSTOMIZATION', 'O', 'O', 'B-FOOD']"
can i have one poori without salt,"['can', 'i', 'have', 'one', 'poori', 'without', 'salt']","['O', 'O', 'O', 'B-QUANTITY', 'B-FOOD', 'B-CUSTOMIZATION', 'I-CUSTOMIZATION']"
two plates of idli with extra sambar,"['two', 'plates', 'of', 'idli', 'with', 'extra', 'sambar']","['B-QUANTITY', 'I-QUANTITY', 'O', 'B-FOOD', 'O', 'B-CUSTOMIZATION', 'I-CUSTOMIZATION']"
one masala dosa with no onion,"['one', 'masala', 'dosa', 'with', 'no', 'onion']","['B-QUANTITY', 'B-FOOD', 'I-FOOD', 'O', 'B-CUSTOMIZATION', 'I-CUSTOMIZATION']"
half plate pongal no ghee,"['half', 'plate', 'pongal', 'no', 'ghee']","['B-QUANTITY', 'I-QUANTITY', 'B-FOOD', 'B-CUSTOMIZATION', 'I-CUSTOMIZATION']"
three vada with extra chutney,"['three', 'vada', 'with', 'extra', 'chutney']","['B-QUANTITY', 'B-FOOD', 'O', 'B-CUSTOMIZATION', 'I-CUSTOMIZATION']"
just a cup of tea,"['just', 'a', 'cup', 'of', 'tea']","['O', 'O', 'B-QUANTITY', 'O', 'B-FOOD']"
get me strong filter coffee,"['get', 'me', 'strong', 'filter', 'coffee']","['O', 'O', 'B-CUSTOMIZATION', 'B-FOOD', 'I-FOOD']"
two samosas no mint chutney,"['two', 'samosas', 'no', 'mint', 'chutney']","['B-QUANTITY', 'B-FOOD', 'B-CUSTOMIZATION', 'I-CUSTOMIZATION', 'I-CUSTOMIZATION']"
need one hot puri,"['need', 'one', 'hot', 'puri']","['O', 'B-QUANTITY', 'B-CUSTOMIZATION', 'B-FOOD']"
order 4 idlis with less spice,"['order', '4', 'idlis', 'with', 'less', 'spice']","['O', 'B-QUANTITY', 'B-FOOD', 'O', 'B-CUSTOMIZATION', 'I-CUSTOMIZATION']"
want cold coffee,"['want', 'cold', 'coffee']","['O', 'B-CUSTOMIZATION', 'B-FOOD']"
one plate medu vada with extra sambar,"['one', 'plate', 'medu', 'vada', 'with', 'extra', 'sambar']","['B-QUANTITY', 'I-QUANTITY', 'B-FOOD', 'I-FOOD', 'O', 'B-CUSTOMIZATION', 'I-CUSTOMIZATION']"
three hot idlis no onion,"['three', 'hot', 'idlis', 'no', 'onion']","['B-QUANTITY', 'B-CUSTOMIZATION', 'B-FOOD', 'B-CUSTOMIZATION', 'I-CUSTOMIZATION']"
half cup strong tea,"['half', 'cup', 'strong', 'tea']","['B-QUANTITY', 'I-QUANTITY', 'B-CUSTOMIZATION', 'B-FOOD']"
two dosas with extra chutney,"['two', 'dosas', 'with', 'extra', 'chutney']","['B-QUANTITY', 'B-FOOD', 'O', 'B-CUSTOMIZATION', 'I-CUSTOMIZATION']"
just coffee,"['just', 'coffee']","['O', 'B-FOOD']"
need one plate pongal less oil,"['need', 'one', 'plate', 'pongal', 'less', 'oil']","['O', 'B-QUANTITY', 'I-QUANTITY', 'B-FOOD', 'B-CUSTOMIZATION', 'I-CUSTOMIZATION']"
order two pooris no spicy,"['order', 'two', 'pooris', 'no', 'spicy']","['O', 'B-QUANTITY', 'B-FOOD', 'B-CUSTOMIZATION', 'I-CUSTOMIZATION']"
four idlis with extra ghee,"['four', 'idlis', 'with', 'extra', 'ghee']","['B-QUANTITY', 'B-FOOD', 'O', 'B-CUSTOMIZATION', 'I-CUSTOMIZATION']"
one hot masala dosa,"['one', 'hot', 'masala', 'dosa']","['B-QUANTITY', 'B-CUSTOMIZATION', 'B-FOOD', 'I-FOOD']"
a plate of samosa with sweet chutney,"['a', 'plate', 'of', 'samosa', 'with', 'sweet', 'chutney']","['O', 'B-QUANTITY', 'O', 'B-FOOD', 'O', 'B-CUSTOMIZATION', 'I-CUSTOMIZATION']"
two plates of idli with extra sambar,"['two', 'plates', 'of', 'idli', 'with', 'extra', 'sambar']","['B-QUANTITY', 'I-QUANTITY', 'O', 'B-FOOD', 'O', 'B-CUSTOMIZATION', 'I-CUSTOMIZATION']"
get me three dosas extra crispy,"['get', 'me', 'three', 'dosas', 'extra', 'crispy']","['O', 'O', 'B-QUANTITY', 'B-FOOD', 'B-CUSTOMIZATION', 'I-CUSTOMIZATION']"
i want a bowl of pongal with ghee on top,"['i', 'want', 'a', 'bowl', 'of', 'pongal', 'with', 'ghee', 'on', 'top']","['O', 'O', 'O', 'B-QUANTITY', 'O', 'B-FOOD', 'O', 'B-CUSTOMIZATION', 'I-CUSTOMIZATION', 'I-CUSTOMIZATION']"
half plate poori less masala,"['half', 'plate', 'poori', 'less', 'masala']","['B-QUANTITY', 'I-QUANTITY', 'B-FOOD', 'B-CUSTOMIZATION', 'I-CUSTOMIZATION']"
one plain dosa no butter,"['one', 'plain', 'dosa', 'no', 'butter']","['B-QUANTITY', 'B-FOOD', 'I-FOOD', 'B-CUSTOMIZATION', 'I-CUSTOMIZATION']"
two idlis and a vada with extra chutney,"['two', 'idlis', 'and', 'a', 'vada', 'with', 'extra', 'chutney']","['B-QUANTITY', 'B-FOOD', 'O', 'O', 'B-FOOD', 'O', 'B-CUSTOMIZATION', 'I-CUSTOMIZATION']"
give me a set dosa with no salt,"['give', 'me', 'a', 'set', 'dosa', 'with', 'no', 'salt']","['O', 'O', 'O', 'B-FOOD', 'I-FOOD', 'O', 'B-CUSTOMIZATION', 'I-CUSTOMIZATION']"
full meals with extra gravy,"['full', 'meals', 'with', 'extra', 'gravy']","['B-QUANTITY', 'B-FOOD', 'O', 'B-CUSTOMIZATION', 'I-CUSTOMIZATION']"
small portion of upma no ginger,"['small', 'portion', 'of', 'upma', 'no', 'ginger']","['B-QUANTITY', 'I-QUANTITY', 'O', 'B-FOOD', 'B-CUSTOMIZATION', 'I-CUSTOMIZATION']"
a single vada without chutney,"['a', 'single', 'vada', 'without', 'chutney']","['O', 'B-QUANTITY', 'B-FOOD', 'B-CUSTOMIZATION', 'I-CUSTOMIZATION']"
three onion dosas extra spicy,"['three', 'onion', 'dosas', 'extra', 'spicy']","['B-QUANTITY', 'B-FOOD', 'I-FOOD', 'B-CUSTOMIZATION', 'I-CUSTOMIZATION']"
half plate poha no mustard seeds,"['half', 'plate', 'poha', 'no', 'mustard', 'seeds']","['B-QUANTITY', 'I-QUANTITY', 'B-FOOD', 'B-CUSTOMIZATION', 'I-CUSTOMIZATION', 'I-CUSTOMIZATION']"
a cup of coffee with less sugar,"['a', 'cup', 'of', 'coffee', 'with', 'less', 'sugar']","['O', 'B-QUANTITY', 'O', 'B-FOOD', 'O', 'B-CUSTOMIZATION', 'I-CUSTOMIZATION']"
get me four idlis and no chutney,"['get', 'me', 'four', 'idlis', 'and', 'no', 'chutney']","['O', 'O', 'B-QUANTITY', 'B-FOOD', 'O', 'B-CUSTOMIZATION', 'I-CUSTOMIZATION']"
medium size masala dosa without ghee,"['medium', 'size', 'masala', 'dosa', 'without', 'ghee']","['B-QUANTITY', 'I-QUANTITY', 'B-FOOD', 'I-FOOD', 'B-CUSTOMIZATION', 'I-CUSTOMIZATION']"
i need a small portion of kesari,"['i', 'need', 'a', 'small', 'portion', 'of', 'kesari']","['O', 'O', 'O', 'B-QUANTITY', 'I-QUANTITY', 'O', 'B-FOOD']"
serve two vada pavs less spicy,"['serve', 'two', 'vada', 'pavs', 'less', 'spicy']","['O', 'B-QUANTITY', 'B-FOOD', 'I-FOOD', 'B-CUSTOMIZATION', 'I-CUSTOMIZATION']"
please get me three chapatis no oil,"['please', 'get', 'me', 'three', 'chapatis', 'no', 'oil']","['O', 'O', 'O', 'B-QUANTITY', 'B-FOOD', 'B-CUSTOMIZATION', 'I-CUSTOMIZATION']"
a bowl of curd rice extra curd,"['a', 'bowl', 'of', 'curd', 'rice', 'extra', 'curd']","['O', 'B-QUANTITY', 'O', 'B-FOOD', 'I-FOOD', 'B-CUSTOMIZATION', 'I-CUSTOMIZATION']"
give me a double egg dosa with extra onions,"['give', 'me', 'a', 'double', 'egg', 'dosa', 'with', 'extra', 'onions']","['O', 'O', 'O', 'B-QUANTITY', 'B-FOOD', 'I-FOOD', 'O', 'B-CUSTOMIZATION', 'I-CUSTOMIZATION']"
just one samosa no mint chutney,"['just', 'one', 'samosa', 'no', 'mint', 'chutney']","['O', 'B-QUANTITY', 'B-FOOD', 'B-CUSTOMIZATION', 'I-CUSTOMIZATION', 'I-CUSTOMIZATION']"
a plate of lemon rice without nuts,"['a', 'plate', 'of', 'lemon', 'rice', 'without', 'nuts']","['O', 'B-QUANTITY', 'O', 'B-FOOD', 'I-FOOD', 'B-CUSTOMIZATION', 'I-CUSTOMIZATION']"
two plain parathas with butter,"['two', 'plain', 'parathas', 'with', 'butter']","['B-QUANTITY', 'B-FOOD', 'I-FOOD', 'O', 'B-CUSTOMIZATION']"
get me three vada no coconut chutney,"['get', 'me', 'three', 'vada', 'no', 'coconut', 'chutney']","['O', 'O', 'B-QUANTITY', 'B-FOOD', 'B-CUSTOMIZATION', 'I-CUSTOMIZATION', 'I-CUSTOMIZATION']"
a glass of lassi less sweet,"['a', 'glass', 'of', 'lassi', 'less', 'sweet']","['O', 'B-QUANTITY', 'O', 'B-FOOD', 'B-CUSTOMIZATION', 'I-CUSTOMIZATION']"
order four pani puris extra spicy,"['order', 'four', 'pani', 'puris', 'extra', 'spicy']","['O', 'B-QUANTITY', 'B-FOOD', 'I-FOOD', 'B-CUSTOMIZATION', 'I-CUSTOMIZATION']"
i would like two biryani packets with less oil,"['i', 'would', 'like', 'two', 'biryani', 'packets', 'with', 'less', 'oil']","['O', 'O', 'O', 'B-QUANTITY', 'B-FOOD', 'I-FOOD', 'O', 'B-CUSTOMIZATION', 'I-CUSTOMIZATION']"
a single sandwich no sauce,"['a', 'single', 'sandwich', 'no', 'sauce']","['O', 'B-QUANTITY', 'B-FOOD', 'B-CUSTOMIZATION', 'I-CUSTOMIZATION']"
get half plate idiyappam extra coconut milk,"['get', 'half', 'plate', 'idiyappam', 'extra', 'coconut', 'milk']","['O', 'B-QUANTITY', 'I-QUANTITY', 'B-FOOD', 'B-CUSTOMIZATION', 'I-CUSTOMIZATION', 'I-CUSTOMIZATION']"
one idli with sambar,"['one', 'idli', 'with', 'sambar']","['B-QUANTITY', 'B-FOOD', 'O', 'B-CUSTOMIZATION']"
two vada no chutney,"['two', 'vada', 'no', 'chutney']","['B-QUANTITY', 'B-FOOD', 'B-CUSTOMIZATION', 'I-CUSTOMIZATION']"
three masala dosa extra spicy,"['three', 'masala', 'dosa', 'extra', 'spicy']","['B-QUANTITY', 'B-FOOD', 'I-FOOD', 'B-CUSTOMIZATION', 'I-CUSTOMIZATION']"
a plate of pongal without cashews,"['a', 'plate', 'of', 'pongal', 'without', 'cashews']","['O', 'B-QUANTITY', 'O', 'B-FOOD', 'B-CUSTOMIZATION', 'I-CUSTOMIZATION']"
give me one pav bhaji less butter,"['give', 'me', 'one', 'pav', 'bhaji', 'less', 'butter']","['O', 'O', 'B-QUANTITY', 'B-FOOD', 'I-FOOD', 'B-CUSTOMIZATION', 'I-CUSTOMIZATION']"
get four veg rolls extra cheese,"['get', 'four', 'veg', 'rolls', 'extra', 'cheese']","['O', 'B-QUANTITY', 'B-FOOD', 'I-FOOD', 'B-CUSTOMIZATION', 'I-CUSTOMIZATION']"
five jalebi with less sugar,"['five', 'jalebi', 'with', 'less', 'sugar']","['B-QUANTITY', 'B-FOOD', 'O', 'B-CUSTOMIZATION', 'I-CUSTOMIZATION']"
a bowl of curd rice with no pickle,"['a', 'bowl', 'of', 'curd', 'rice', 'with', 'no', 'pickle']","['O', 'B-QUANTITY', 'O', 'B-FOOD', 'I-FOOD', 'O', 'B-CUSTOMIZATION', 'I-CUSTOMIZATION']"
order one mango lassi not too sweet,"['order', 'one', 'mango', 'lassi', 'not', 'too', 'sweet']","['O', 'B-QUANTITY', 'B-FOOD', 'I-FOOD', 'B-CUSTOMIZATION', 'I-CUSTOMIZATION', 'I-CUSTOMIZATION']"
three plain roti no ghee,"['three', 'plain', 'roti', 'no', 'ghee']","['B-QUANTITY', 'B-FOOD', 'I-FOOD', 'B-CUSTOMIZATION', 'I-CUSTOMIZATION']"
six chicken momoes extra dip,"['six', 'chicken', 'momoes', 'extra', 'dip']","['B-QUANTITY', 'B-FOOD', 'I-FOOD', 'B-CUSTOMIZATION', 'I-CUSTOMIZATION']"
give me one veg thali without curd,"['give', 'me', 'one', 'veg', 'thali', 'without', 'curd']","['O', 'O', 'B-QUANTITY', 'B-FOOD', 'I-FOOD', 'B-CUSTOMIZATION', 'I-CUSTOMIZATION']"
get a half plate noodles spicy,"['get', 'a', 'half', 'plate', 'noodles', 'spicy']","['O', 'O', 'B-QUANTITY', 'I-QUANTITY', 'B-FOOD', 'B-CUSTOMIZATION']"
just one coffee less sugar,"['just', 'one', 'coffee', 'less', 'sugar']","['O', 'B-QUANTITY', 'B-FOOD', 'B-CUSTOMIZATION', 'I-CUSTOMIZATION']"
a glass of buttermilk no salt,"['a', 'glass', 'of', 'buttermilk', 'no', 'salt']","['O', 'B-QUANTITY', 'O', 'B-FOOD', 'B-CUSTOMIZATION', 'I-CUSTOMIZATION']"
seven paneer tikka extra spicy,"['seven', 'paneer', 'tikka', 'extra', 'spicy']","['B-QUANTITY', 'B-FOOD', 'I-FOOD', 'B-CUSTOMIZATION', 'I-CUSTOMIZATION']"
order two sandwiches without sauce,"['order', 'two', 'sandwiches', 'without', 'sauce']","['O', 'B-QUANTITY', 'B-FOOD', 'B-CUSTOMIZATION', 'I-CUSTOMIZATION']"
one bottle water cold,"['one', 'bottle', 'water', 'cold']","['B-QUANTITY', 'B-FOOD', 'I-FOOD', 'B-CUSTOMIZATION']"
three pani puri no onions,"['three', 'pani', 'puri', 'no', 'onions']","['B-QUANTITY', 'B-FOOD', 'I-FOOD', 'B-CUSTOMIZATION', 'I-CUSTOMIZATION']"
a cup tea no milk,"['a', 'cup', 'tea', 'no', 'milk']","['O', 'B-QUANTITY', 'B-FOOD', 'B-CUSTOMIZATION', 'I-CUSTOMIZATION']"
two plates of vada with extra sambar,"['two', 'plates', 'of', 'vada', 'with', 'extra', 'sambar']","['B-QUANTITY', 'I-QUANTITY', 'O', 'B-FOOD', 'O', 'B-CUSTOMIZATION', 'I-CUSTOMIZATION']"
one idli no spice please,"['one', 'idli', 'no', 'spice', 'please']","['B-QUANTITY', 'B-FOOD', 'B-CUSTOMIZATION', 'I-CUSTOMIZATION', 'O']"
half dosa less oil,"['half', 'dosa', 'less', 'oil']","['B-QUANTITY', 'B-FOOD', 'B-CUSTOMIZATION', 'I-CUSTOMIZATION']"
give me biryani without onions,"['give', 'me', 'biryani', 'without', 'onions']","['O', 'O', 'B-FOOD', 'B-CUSTOMIZATION', 'I-CUSTOMIZATION']"
three samosas extra crispy,"['three', 'samosas', 'extra', 'crispy']","['B-QUANTITY', 'B-FOOD', 'B-CUSTOMIZATION', 'I-CUSTOMIZATION']"
one cup of tea with more sugar,"['one', 'cup', 'of', 'tea', 'with', 'more', 'sugar']","['B-QUANTITY', 'I-QUANTITY', 'O', 'B-FOOD', 'O', 'B-CUSTOMIZATION', 'I-CUSTOMIZATION']"
order idli sambar combo,"['order', 'idli', 'sambar', 'combo']","['O', 'B-FOOD', 'I-FOOD', 'I-FOOD']"
plain dosa with no butter,"['plain', 'dosa', 'with', 'no', 'butter']","['B-FOOD', 'I-FOOD', 'O', 'B-CUSTOMIZATION', 'I-CUSTOMIZATION']"
one masala dosa extra spicy,"['one', 'masala', 'dosa', 'extra', 'spicy']","['B-QUANTITY', 'B-FOOD', 'I-FOOD', 'B-CUSTOMIZATION', 'I-CUSTOMIZATION']"
single vada with less salt,"['single', 'vada', 'with', 'less', 'salt']","['B-QUANTITY', 'B-FOOD', 'O', 'B-CUSTOMIZATION', 'I-CUSTOMIZATION']"
send me curd rice without mustard,"['send', 'me', 'curd', 'rice', 'without', 'mustard']","['O', 'O', 'B-FOOD', 'I-FOOD', 'B-CUSTOMIZATION', 'I-CUSTOMIZATION']"
give two veg rolls,"['give', 'two', 'veg', 'rolls']","['O', 'B-QUANTITY', 'B-FOOD', 'I-FOOD']"
tea no milk,"['tea', 'no', 'milk']","['B-FOOD', 'B-CUSTOMIZATION', 'I-CUSTOMIZATION']"
order half plate pongal,"['order', 'half', 'plate', 'pongal']","['O', 'B-QUANTITY', 'I-QUANTITY', 'B-FOOD']"
three vada no chilli,"['three', 'vada', 'no', 'chilli']","['B-QUANTITY', 'B-FOOD', 'B-CUSTOMIZATION', 'I-CUSTOMIZATION']"
plain uttapam extra chutney,"['plain', 'uttapam', 'extra', 'chutney']","['B-FOOD', 'I-FOOD', 'B-CUSTOMIZATION', 'I-CUSTOMIZATION']"
idli with no ghee,"['idli', 'with', 'no', 'ghee']","['B-FOOD', 'O', 'B-CUSTOMIZATION', 'I-CUSTOMIZATION']"
two masala dosa without potato,"['two', 'masala', 'dosa', 'without', 'potato']","['B-QUANTITY', 'B-FOOD', 'I-FOOD', 'B-CUSTOMIZATION', 'I-CUSTOMIZATION']"
get me vada with less chilli,"['get', 'me', 'vada', 'with', 'less', 'chilli']","['O', 'O', 'B-FOOD', 'O', 'B-CUSTOMIZATION', 'I-CUSTOMIZATION']"
idli with extra coconut chutney,"['idli', 'with', 'extra', 'coconut', 'chutney']","['B-FOOD', 'O', 'B-CUSTOMIZATION', 'I-CUSTOMIZATION', 'I-CUSTOMIZATION']"
one plate idli with extra sambar,"['one', 'plate', 'idli', 'with', 'extra', 'sambar']","['B-QUANTITY', 'I-QUANTITY', 'B-FOOD', 'O', 'B-CUSTOMIZATION', 'I-CUSTOMIZATION']"
three vada no onions,"['three', 'vada', 'no', 'onions']","['B-QUANTITY', 'B-FOOD', 'B-CUSTOMIZATION', 'I-CUSTOMIZATION']"
half plate pongal less ghee,"['half', 'plate', 'pongal', 'less', 'ghee']","['B-QUANTITY', 'I-QUANTITY', 'B-FOOD', 'B-CUSTOMIZATION', 'I-CUSTOMIZATION']"
masala dosa without spice,"['masala', 'dosa', 'without', 'spice']","['B-FOOD', 'I-FOOD', 'B-CUSTOMIZATION', 'I-CUSTOMIZATION']"
send two cups coffee extra hot,"['send', 'two', 'cups', 'coffee', 'extra', 'hot']","['O', 'B-QUANTITY', 'I-QUANTITY', 'B-FOOD', 'B-CUSTOMIZATION', 'I-CUSTOMIZATION']"
get me plain dosa with no salt,"['get', 'me', 'plain', 'dosa', 'with', 'no', 'salt']","['O', 'O', 'B-FOOD', 'I-FOOD', 'O', 'B-CUSTOMIZATION', 'I-CUSTOMIZATION']"
one tea with less sugar,"['one', 'tea', 'with', 'less', 'sugar']","['B-QUANTITY', 'B-FOOD', 'O', 'B-CUSTOMIZATION', 'I-CUSTOMIZATION']"
four vada extra crispy,"['four', 'vada', 'extra', 'crispy']","['B-QUANTITY', 'B-FOOD', 'B-CUSTOMIZATION', 'I-CUSTOMIZATION']"
order idli chutney with no coriander,"['order', 'idli', 'chutney', 'with', 'no', 'coriander']","['O', 'B-FOOD', 'I-FOOD', 'O', 'B-CUSTOMIZATION', 'I-CUSTOMIZATION']"
bring five samosas without mint chutney,"['bring', 'five', 'samosas', 'without', 'mint', 'chutney']","['O', 'B-QUANTITY', 'B-FOOD', 'B-CUSTOMIZATION', 'I-CUSTOMIZATION', 'I-CUSTOMIZATION']"
plain dosa add extra chutney,"['plain', 'dosa', 'add', 'extra', 'chutney']","['B-FOOD', 'I-FOOD', 'O', 'B-CUSTOMIZATION', 'I-CUSTOMIZATION']"
give me two filter coffees,"['give', 'me', 'two', 'filter', 'coffees']","['O', 'O', 'B-QUANTITY', 'B-FOOD', 'I-FOOD']"
idli with extra gunpowder,"['idli', 'with', 'extra', 'gunpowder']","['B-FOOD', 'O', 'B-CUSTOMIZATION', 'I-CUSTOMIZATION']"
serve dosa with no chutney,"['serve', 'dosa', 'with', 'no', 'chutney']","['O', 'B-FOOD', 'O', 'B-CUSTOMIZATION', 'I-CUSTOMIZATION']"
half cup coffee no sugar,"['half', 'cup', 'coffee', 'no', 'sugar']","['B-QUANTITY', 'I-QUANTITY', 'B-FOOD', 'B-CUSTOMIZATION', 'I-CUSTOMIZATION']"
get three idlis with extra sambar,"['get', 'three', 'idlis', 'with', 'extra', 'sambar']","['O', 'B-QUANTITY', 'B-FOOD', 'O', 'B-CUSTOMIZATION', 'I-CUSTOMIZATION']"
tea without milk,"['tea', 'without', 'milk']","['B-FOOD', 'B-CUSTOMIZATION', 'I-CUSTOMIZATION']"
bring me pongal extra pepper,"['bring', 'me', 'pongal', 'extra', 'pepper']","['O', 'O', 'B-FOOD', 'B-CUSTOMIZATION', 'I-CUSTOMIZATION']"
order vada less spicy,"['order', 'vada', 'less', 'spicy']","['O', 'B-FOOD', 'B-CUSTOMIZATION', 'I-CUSTOMIZATION']"
single plate idli without chutney,"['single', 'plate', 'idli', 'without', 'chutney']","['B-QUANTITY', 'I-QUANTITY', 'B-FOOD', 'B-CUSTOMIZATION', 'I-CUSTOMIZATION']"
send two masala dosa no onions,"['send', 'two', 'masala', 'dosa', 'no', 'onions']","['O', 'B-QUANTITY', 'B-FOOD', 'I-FOOD', 'B-CUSTOMIZATION', 'I-CUSTOMIZATION']"
give me three vada less oil,"['give', 'me', 'three', 'vada', 'less', 'oil']","['O', 'O', 'B-QUANTITY', 'B-FOOD', 'B-CUSTOMIZATION', 'I-CUSTOMIZATION']"
one coffee no milk,"['one', 'coffee', 'no', 'milk']","['B-QUANTITY', 'B-FOOD', 'B-CUSTOMIZATION', 'I-CUSTOMIZATION']"
get a dosa extra crisp,"['get', 'a', 'dosa', 'extra', 'crisp']","['O', 'O', 'B-FOOD', 'B-CUSTOMIZATION', 'I-CUSTOMIZATION']"
two plates idli extra chutney,"['two', 'plates', 'idli', 'extra', 'chutney']","['B-QUANTITY', 'I-QUANTITY', 'B-FOOD', 'B-CUSTOMIZATION', 'I-CUSTOMIZATION']"
filter coffee with more sugar,"['filter', 'coffee', 'with', 'more', 'sugar']","['B-FOOD', 'I-FOOD', 'O', 'B-CUSTOMIZATION', 'I-CUSTOMIZATION']"
send half plate pongal,"['send', 'half', 'plate', 'pongal']","['O', 'B-QUANTITY', 'I-QUANTITY', 'B-FOOD']"
three vada without spice,"['three', 'vada', 'without', 'spice']","['B-QUANTITY', 'B-FOOD', 'B-CUSTOMIZATION', 'I-CUSTOMIZATION']"
order idli less salt,"['order', 'idli', 'less', 'salt']","['O', 'B-FOOD', 'B-CUSTOMIZATION', 'I-CUSTOMIZATION']"
bring dosa extra butter,"['bring', 'dosa', 'extra', 'butter']","['O', 'B-FOOD', 'B-CUSTOMIZATION', 'I-CUSTOMIZATION']"
tea with less sugar,"['tea', 'with', 'less', 'sugar']","['B-FOOD', 'O', 'B-CUSTOMIZATION', 'I-CUSTOMIZATION']"
idli with more chutney,"['idli', 'with', 'more', 'chutney']","['B-FOOD', 'O', 'B-CUSTOMIZATION', 'I-CUSTOMIZATION']"
get me dosa without ghee,"['get', 'me', 'dosa', 'without', 'ghee']","['O', 'O', 'B-FOOD', 'B-CUSTOMIZATION', 'I-CUSTOMIZATION']"
serve four vada with less spice,"['serve', 'four', 'vada', 'with', 'less', 'spice']","['O', 'B-QUANTITY', 'B-FOOD', 'O', 'B-CUSTOMIZATION', 'I-CUSTOMIZATION']"
one cup coffee with no sugar,"['one', 'cup', 'coffee', 'with', 'no', 'sugar']","['B-QUANTITY', 'I-QUANTITY', 'B-FOOD', 'O', 'B-CUSTOMIZATION', 'I-CUSTOMIZATION']"
dosa with extra chutney and sambar,"['dosa', 'with', 'extra', 'chutney', 'and', 'sambar']","['B-FOOD', 'O', 'B-CUSTOMIZATION', 'I-CUSTOMIZATION', 'I-CUSTOMIZATION', 'I-CUSTOMIZATION']"
give me plain idli,"['give', 'me', 'plain', 'idli']","['O', 'O', 'B-FOOD', 'I-FOOD']"
two vada without chutney,"['two', 'vada', 'without', 'chutney']","['B-QUANTITY', 'B-FOOD', 'B-CUSTOMIZATION', 'I-CUSTOMIZATION']"
filter coffee no sugar,"['filter', 'coffee', 'no', 'sugar']","['B-FOOD', 'I-FOOD', 'B-CUSTOMIZATION', 'I-CUSTOMIZATION']"
order three idli with extra chutney,"['order', 'three', 'idli', 'with', 'extra', 'chutney']","['O', 'B-QUANTITY', 'B-FOOD', 'O', 'B-CUSTOMIZATION', 'I-CUSTOMIZATION']"
order three idli with extra chutney,"['order', 'three', 'idli', 'with', 'extra', 'chutney']","['O', 'B-QUANTITY', 'B-FOOD', 'O', 'B-CUSTOMIZATION', 'I-CUSTOMIZATION']"
get me 2 masala dosa without onion,"['get', 'me', '2', 'masala', 'dosa', 'without', 'onion']","['O', 'O', 'B-QUANTITY', 'B-FOOD', 'I-FOOD', 'B-CUSTOMIZATION', 'I-CUSTOMIZATION']"
i need one plate pongal no ghee,"['i', 'need', 'one', 'plate', 'pongal', 'no', 'ghee']","['O', 'O', 'B-QUANTITY', 'I-QUANTITY', 'B-FOOD', 'B-CUSTOMIZATION', 'I-CUSTOMIZATION']"
send five vada with spicy chutney,"['send', 'five', 'vada', 'with', 'spicy', 'chutney']","['O', 'B-QUANTITY', 'B-FOOD', 'O', 'B-CUSTOMIZATION', 'I-CUSTOMIZATION']"
give me idli and more sambar,"['give', 'me', 'idli', 'and', 'more', 'sambar']","['O', 'O', 'B-FOOD', 'O', 'B-CUSTOMIZATION', 'I-CUSTOMIZATION']"
can i have a crispy dosa,"['can', 'i', 'have', 'a', 'crispy', 'dosa']","['O', 'O', 'O', 'O', 'B-CUSTOMIZATION', 'B-FOOD']"
please add two plates of poori,"['please', 'add', 'two', 'plates', 'of', 'poori']","['O', 'O', 'B-QUANTITY', 'I-QUANTITY', 'O', 'B-FOOD']"
one pongal with no onion,"['one', 'pongal', 'with', 'no', 'onion']","['B-QUANTITY', 'B-FOOD', 'O', 'B-CUSTOMIZATION', 'I-CUSTOMIZATION']"
extra chutneys and idli,"['extra', 'chutneys', 'and', 'idli']","['B-CUSTOMIZATION', 'I-CUSTOMIZATION', 'O', 'B-FOOD']"
make that 2 crispy dosa,"['make', 'that', '2', 'crispy', 'dosa']","['O', 'O', 'B-QUANTITY', 'B-CUSTOMIZATION', 'B-FOOD']"
i want a large plate of pongal,"['i', 'want', 'a', 'large', 'plate', 'of', 'pongal']","['O', 'O', 'O', 'B-QUANTITY', 'I-QUANTITY', 'O', 'B-FOOD']"
one vada no chilli,"['one', 'vada', 'no', 'chilli']","['B-QUANTITY', 'B-FOOD', 'B-CUSTOMIZATION', 'I-CUSTOMIZATION']"
can you send idli x 3 with less oil,"['can', 'you', 'send', 'idli', 'x', '3', 'with', 'less', 'oil']","['O', 'O', 'O', 'B-FOOD', 'B-QUANTITY', 'I-QUANTITY', 'O', 'B-CUSTOMIZATION', 'I-CUSTOMIZATION']"
give me extra sambar for pongal,"['give', 'me', 'extra', 'sambar', 'for', 'pongal']","['O', 'O', 'B-CUSTOMIZATION', 'I-CUSTOMIZATION', 'O', 'B-FOOD']"
please include 2 idlis and chutney,"['please', 'include', '2', 'idlis', 'and', 'chutney']","['O', 'O', 'B-QUANTITY', 'B-FOOD', 'O', 'B-FOOD']"
need four vada no ghee extra crispy,"['need', 'four', 'vada', 'no', 'ghee', 'extra', 'crispy']","['O', 'B-QUANTITY', 'B-FOOD', 'B-CUSTOMIZATION', 'I-CUSTOMIZATION', 'B-CUSTOMIZATION', 'I-CUSTOMIZATION']"
order 1 masala dosa with extra oil,"['order', '1', 'masala', 'dosa', 'with', 'extra', 'oil']","['O', 'B-QUANTITY', 'B-FOOD', 'I-FOOD', 'O', 'B-CUSTOMIZATION', 'I-CUSTOMIZATION']"
send me some hot pongal and idli,"['send', 'me', 'some', 'hot', 'pongal', 'and', 'idli']","['O', 'O', 'B-QUANTITY', 'B-CUSTOMIZATION', 'B-FOOD', 'O', 'B-FOOD']"
i want idli without spicy chutney,"['i', 'want', 'idli', 'without', 'spicy', 'chutney']","['O', 'O', 'B-FOOD', 'B-CUSTOMIZATION', 'I-CUSTOMIZATION', 'I-CUSTOMIZATION']"
give me 3 idlis and 2 vada,"['give', 'me', '3', 'idlis', 'and', '2', 'vada']","['O', 'O', 'B-QUANTITY', 'B-FOOD', 'O', 'B-QUANTITY', 'B-FOOD']"
please send 2 plates of idli with extra sambar,"['please', 'send', '2', 'plates', 'of', 'idli', 'with', 'extra', 'sambar']","['O', 'O', 'B-QUANTITY', 'I-QUANTITY', 'O', 'B-FOOD', 'O', 'B-CUSTOMIZATION', 'I-CUSTOMIZATION']"
I want one masala dosa no onion,"['I', 'want', 'one', 'masala', 'dosa', 'no', 'onion']","['O', 'O', 'B-QUANTITY', 'B-FOOD', 'I-FOOD', 'B-CUSTOMIZATION', 'I-CUSTOMIZATION']"
give me 3 idlis and less oil,"['give', 'me', '3', 'idlis', 'and', 'less', 'oil']","['O', 'O', 'B-QUANTITY', 'B-FOOD', 'O', 'B-CUSTOMIZATION', 'I-CUSTOMIZATION']"
order one vada with extra chutney,"['order', 'one', 'vada', 'with', 'extra', 'chutney']","['O', 'B-QUANTITY', 'B-FOOD', 'O', 'B-CUSTOMIZATION', 'I-CUSTOMIZATION']"
two plates of pongal without ghee,"['two', 'plates', 'of', 'pongal', 'without', 'ghee']","['B-QUANTITY', 'I-QUANTITY', 'O', 'B-FOOD', 'B-CUSTOMIZATION', 'I-CUSTOMIZATION']"
need 1 dosa with spicy chutney,"['need', '1', 'dosa', 'with', 'spicy', 'chutney']","['O', 'B-QUANTITY', 'B-FOOD', 'O', 'B-CUSTOMIZATION', 'I-CUSTOMIZATION']"
please send 4 idlis extra butter,"['please', 'send', '4', 'idlis', 'extra', 'butter']","['O', 'O', 'B-QUANTITY', 'B-FOOD', 'B-CUSTOMIZATION', 'I-CUSTOMIZATION']"
can I get one plate of poori with less oil,"['can', 'I', 'get', 'one', 'plate', 'of', 'poori', 'with', 'less', 'oil']","['O', 'O', 'O', 'B-QUANTITY', 'I-QUANTITY', 'O', 'B-FOOD', 'O', 'B-CUSTOMIZATION', 'I-CUSTOMIZATION']"
give me two vadais extra spicy,"['give', 'me', 'two', 'vadais', 'extra', 'spicy']","['O', 'O', 'B-QUANTITY', 'B-FOOD', 'B-CUSTOMIZATION', 'I-CUSTOMIZATION']"
order 3 plates idli with extra chutney,"['order', '3', 'plates', 'idli', 'with', 'extra', 'chutney']","['O', 'B-QUANTITY', 'I-QUANTITY', 'B-FOOD', 'O', 'B-CUSTOMIZATION', 'I-CUSTOMIZATION']"
one masala dosa no ghee,"['one', 'masala', 'dosa', 'no', 'ghee']","['B-QUANTITY', 'B-FOOD', 'I-FOOD', 'B-CUSTOMIZATION', 'I-CUSTOMIZATION']"
two idlis with less oil,"['two', 'idlis', 'with', 'less', 'oil']","['B-QUANTITY', 'B-FOOD', 'O', 'B-CUSTOMIZATION', 'I-CUSTOMIZATION']"
please send one plate pongal extra chutney,"['please', 'send', 'one', 'plate', 'pongal', 'extra', 'chutney']","['O', 'O', 'B-QUANTITY', 'I-QUANTITY', 'B-FOOD', 'B-CUSTOMIZATION', 'I-CUSTOMIZATION']"
want 2 dosas no onion,"['want', '2', 'dosas', 'no', 'onion']","['O', 'B-QUANTITY', 'B-FOOD', 'B-CUSTOMIZATION', 'I-CUSTOMIZATION']"
order one vada with extra butter,"['order', 'one', 'vada', 'with', 'extra', 'butter']","['O', 'B-QUANTITY', 'B-FOOD', 'O', 'B-CUSTOMIZATION', 'I-CUSTOMIZATION']"
3 idlis less oil,"['3', 'idlis', 'less', 'oil']","['B-QUANTITY', 'B-FOOD', 'B-CUSTOMIZATION', 'I-CUSTOMIZATION']"
two plates of masala dosa,"['two', 'plates', 'of', 'masala', 'dosa']","['B-QUANTITY', 'I-QUANTITY', 'O', 'B-FOOD', 'I-FOOD']"
one plate idli extra sambar,"['one', 'plate', 'idli', 'extra', 'sambar']","['B-QUANTITY', 'I-QUANTITY', 'B-FOOD', 'B-CUSTOMIZATION', 'I-CUSTOMIZATION']"
give me 4 dosa with less oil,"['give', 'me', '4', 'dosa', 'with', 'less', 'oil']","['O', 'O', 'B-QUANTITY', 'B-FOOD', 'O', 'B-CUSTOMIZATION', 'I-CUSTOMIZATION']"
I want one vada no ghee,"['I', 'want', 'one', 'vada', 'no', 'ghee']","['O', 'O', 'B-QUANTITY', 'B-FOOD', 'B-CUSTOMIZATION', 'I-CUSTOMIZATION']"
please send 2 idlis extra chutney,"['please', 'send', '2', 'idlis', 'extra', 'chutney']","['O', 'O', 'B-QUANTITY', 'B-FOOD', 'B-CUSTOMIZATION', 'I-CUSTOMIZATION']"
order one plate poori less oil,"['order', 'one', 'plate', 'poori', 'less', 'oil']","['O', 'B-QUANTITY', 'I-QUANTITY', 'B-FOOD', 'B-CUSTOMIZATION', 'I-CUSTOMIZATION']"
can I get 3 idlis with extra butter,"['can', 'I', 'get', '3', 'idlis', 'with', 'extra', 'butter']","['O', 'O', 'O', 'B-QUANTITY', 'B-FOOD', 'O', 'B-CUSTOMIZATION', 'I-CUSTOMIZATION']"
give me one plate pongal no onion,"['give', 'me', 'one', 'plate', 'pongal', 'no', 'onion']","['O', 'O', 'B-QUANTITY', 'I-QUANTITY', 'B-FOOD', 'B-CUSTOMIZATION', 'I-CUSTOMIZATION']"
need two dosas extra spicy,"['need', 'two', 'dosas', 'extra', 'spicy']","['O', 'B-QUANTITY', 'B-FOOD', 'B-CUSTOMIZATION', 'I-CUSTOMIZATION']"
order 3 idlis with extra chutney,"['order', '3', 'idlis', 'with', 'extra', 'chutney']","['O', 'B-QUANTITY', 'B-FOOD', 'O', 'B-CUSTOMIZATION', 'I-CUSTOMIZATION']"
one masala dosa no ghee,"['one', 'masala', 'dosa', 'no', 'ghee']","['B-QUANTITY', 'B-FOOD', 'I-FOOD', 'B-CUSTOMIZATION', 'I-CUSTOMIZATION']"
two idlis with less oil,"['two', 'idlis', 'with', 'less', 'oil']","['B-QUANTITY', 'B-FOOD', 'O', 'B-CUSTOMIZATION', 'I-CUSTOMIZATION']"
please send one plate pongal extra chutney,"['please', 'send', 'one', 'plate', 'pongal', 'extra', 'chutney']","['O', 'O', 'B-QUANTITY', 'I-QUANTITY', 'B-FOOD', 'B-CUSTOMIZATION', 'I-CUSTOMIZATION']"
want 2 dosas no onion,"['want', '2', 'dosas', 'no', 'onion']","['O', 'B-QUANTITY', 'B-FOOD', 'B-CUSTOMIZATION', 'I-CUSTOMIZATION']"
order two plates of idli with extra chutney,"['order', 'two', 'plates', 'of', 'idli', 'with', 'extra', 'chutney']","['O', 'B-QUANTITY', 'I-QUANTITY', 'O', 'B-FOOD', 'O', 'B-CUSTOMIZATION', 'I-CUSTOMIZATION']"
please get one masala dosa no ghee,"['please', 'get', 'one', 'masala', 'dosa', 'no', 'ghee']","['O', 'O', 'B-QUANTITY', 'B-FOOD', 'I-FOOD', 'B-CUSTOMIZATION', 'I-CUSTOMIZATION']"
I want three idlis with less oil,"['I', 'want', 'three', 'idlis', 'with', 'less', 'oil']","['O', 'O', 'B-QUANTITY', 'B-FOOD', 'O', 'B-CUSTOMIZATION', 'I-CUSTOMIZATION']"
give me one vada extra spicy,"['give', 'me', 'one', 'vada', 'extra', 'spicy']","['O', 'O', 'B-QUANTITY', 'B-FOOD', 'B-CUSTOMIZATION', 'I-CUSTOMIZATION']"
order four plates pongal without onion,"['order', 'four', 'plates', 'pongal', 'without', 'onion']","['O', 'B-QUANTITY', 'I-QUANTITY', 'B-FOOD', 'B-CUSTOMIZATION', 'I-CUSTOMIZATION']"
need 1 dosa with extra butter,"['need', '1', 'dosa', 'with', 'extra', 'butter']","['O', 'B-QUANTITY', 'B-FOOD', 'O', 'B-CUSTOMIZATION', 'I-CUSTOMIZATION']"
send two idlis less chutney,"['send', 'two', 'idlis', 'less', 'chutney']","['O', 'B-QUANTITY', 'B-FOOD', 'B-CUSTOMIZATION', 'I-CUSTOMIZATION']"
one plate poori extra spicy,"['one', 'plate', 'poori', 'extra', 'spicy']","['B-QUANTITY', 'I-QUANTITY', 'B-FOOD', 'B-CUSTOMIZATION', 'I-CUSTOMIZATION']"
give me three vadais with no ghee,"['give', 'me', 'three', 'vadais', 'with', 'no', 'ghee']","['O', 'O', 'B-QUANTITY', 'B-FOOD', 'O', 'B-CUSTOMIZATION', 'I-CUSTOMIZATION']"
order 1 plate masala dosa without onion,"['order', '1', 'plate', 'masala', 'dosa', 'without', 'onion']","['O', 'B-QUANTITY', 'I-QUANTITY', 'B-FOOD', 'I-FOOD', 'B-CUSTOMIZATION', 'I-CUSTOMIZATION']"
two idlis extra chutney,"['two', 'idlis', 'extra', 'chutney']","['B-QUANTITY', 'B-FOOD', 'B-CUSTOMIZATION', 'I-CUSTOMIZATION']"
please send one plate pongal less oil,"['please', 'send', 'one', 'plate', 'pongal', 'less', 'oil']","['O', 'O', 'B-QUANTITY', 'I-QUANTITY', 'B-FOOD', 'B-CUSTOMIZATION', 'I-CUSTOMIZATION']"
want two dosas extra butter,"['want', 'two', 'dosas', 'extra', 'butter']","['O', 'B-QUANTITY', 'B-FOOD', 'B-CUSTOMIZATION', 'I-CUSTOMIZATION']"
order 3 idlis with extra sambar,"['order', '3', 'idlis', 'with', 'extra', 'sambar']","['O', 'B-QUANTITY', 'B-FOOD', 'O', 'B-CUSTOMIZATION', 'I-CUSTOMIZATION']"
one masala dosa no ghee,"['one', 'masala', 'dosa', 'no', 'ghee']","['B-QUANTITY', 'B-FOOD', 'I-FOOD', 'B-CUSTOMIZATION', 'I-CUSTOMIZATION']"
two idlis with less oil,"['two', 'idlis', 'with', 'less', 'oil']","['B-QUANTITY', 'B-FOOD', 'O', 'B-CUSTOMIZATION', 'I-CUSTOMIZATION']"
please send one plate pongal extra chutney,"['please', 'send', 'one', 'plate', 'pongal', 'extra', 'chutney']","['O', 'O', 'B-QUANTITY', 'I-QUANTITY', 'B-FOOD', 'B-CUSTOMIZATION', 'I-CUSTOMIZATION']"
need two vada no onion,"['need', 'two', 'vada', 'no', 'onion']","['O', 'B-QUANTITY', 'B-FOOD', 'B-CUSTOMIZATION', 'I-CUSTOMIZATION']"
order one plate poori with extra butter,"['order', 'one', 'plate', 'poori', 'with', 'extra', 'butter']","['O', 'B-QUANTITY', 'I-QUANTITY', 'B-FOOD', 'O', 'B-CUSTOMIZATION', 'I-CUSTOMIZATION']"
can I get three idlis with less oil,"['can', 'I', 'get', 'three', 'idlis', 'with', 'less', 'oil']","['O', 'O', 'O', 'B-QUANTITY', 'B-FOOD', 'O', 'B-CUSTOMIZATION', 'I-CUSTOMIZATION']"
give me one plate pongal no onion,"['give', 'me', 'one', 'plate', 'pongal', 'no', 'onion']","['O', 'O', 'B-QUANTITY', 'I-QUANTITY', 'B-FOOD', 'B-CUSTOMIZATION', 'I-CUSTOMIZATION']"
need two dosa extra spicy,"['need', 'two', 'dosa', 'extra', 'spicy']","['O', 'B-QUANTITY', 'B-FOOD', 'B-CUSTOMIZATION', 'I-CUSTOMIZATION']"
order 3 idlis with extra chutney,"['order', '3', 'idlis', 'with', 'extra', 'chutney']","['O', 'B-QUANTITY', 'B-FOOD', 'O', 'B-CUSTOMIZATION', 'I-CUSTOMIZATION']"
one masala dosa no ghee,"['one', 'masala', 'dosa', 'no', 'ghee']","['B-QUANTITY', 'B-FOOD', 'I-FOOD', 'B-CUSTOMIZATION', 'I-CUSTOMIZATION']"
two idlis with less oil,"['two', 'idlis', 'with', 'less', 'oil']","['B-QUANTITY', 'B-FOOD', 'O', 'B-CUSTOMIZATION', 'I-CUSTOMIZATION']"
please send one plate pongal extra chutney,"['please', 'send', 'one', 'plate', 'pongal', 'extra', 'chutney']","['O', 'O', 'B-QUANTITY', 'I-QUANTITY', 'B-FOOD', 'B-CUSTOMIZATION', 'I-CUSTOMIZATION']"
want 2 dosas no onion,"['want', '2', 'dosas', 'no', 'onion']","['O', 'B-QUANTITY', 'B-FOOD', 'B-CUSTOMIZATION', 'I-CUSTOMIZATION']"
order one plate idli with extra sambar,"['order', 'one', 'plate', 'idli', 'with', 'extra', 'sambar']","['O', 'B-QUANTITY', 'I-QUANTITY', 'B-FOOD', 'O', 'B-CUSTOMIZATION', 'I-CUSTOMIZATION']"
three idlis with extra chutney,"['three', 'idlis', 'with', 'extra', 'chutney']","['B-QUANTITY', 'B-FOOD', 'O', 'B-CUSTOMIZATION', 'I-CUSTOMIZATION']"
need one vada with no ghee,"['need', 'one', 'vada', 'with', 'no', 'ghee']","['O', 'B-QUANTITY', 'B-FOOD', 'O', 'B-CUSTOMIZATION', 'I-CUSTOMIZATION']"
can I have two masala dosas with extra butter,"['can', 'I', 'have', 'two', 'masala', 'dosas', 'with', 'extra', 'butter']","['O', 'O', 'O', 'B-QUANTITY', 'B-FOOD', 'I-FOOD', 'O', 'B-CUSTOMIZATION', 'I-CUSTOMIZATION']"
please send one plate idli no ghee,"['please', 'send', 'one', 'plate', 'idli', 'no', 'ghee']","['O', 'O', 'B-QUANTITY', 'I-QUANTITY', 'B-FOOD', 'B-CUSTOMIZATION', 'I-CUSTOMIZATION']"
order three plates of vada with less oil,"['order', 'three', 'plates', 'of', 'vada', 'with', 'less', 'oil']","['O', 'B-QUANTITY', 'I-QUANTITY', 'O', 'B-FOOD', 'O', 'B-CUSTOMIZATION', 'I-CUSTOMIZATION']"
I want one plate pongal extra spicy,"['I', 'want', 'one', 'plate', 'pongal', 'extra', 'spicy']","['O', 'O', 'B-QUANTITY', 'I-QUANTITY', 'B-FOOD', 'B-CUSTOMIZATION', 'I-CUSTOMIZATION']"
give me two idlis with extra chutney,"['give', 'me', 'two', 'idlis', 'with', 'extra', 'chutney']","['O', 'O', 'B-QUANTITY', 'B-FOOD', 'O', 'B-CUSTOMIZATION', 'I-CUSTOMIZATION']"
need one plate poori less oil,"['need', 'one', 'plate', 'poori', 'less', 'oil']","['O', 'B-QUANTITY', 'I-QUANTITY', 'B-FOOD', 'B-CUSTOMIZATION', 'I-CUSTOMIZATION']"
order four dosas with extra butter,"['order', 'four', 'dosas', 'with', 'extra', 'butter']","['O', 'B-QUANTITY', 'B-FOOD', 'O', 'B-CUSTOMIZATION', 'I-CUSTOMIZATION']"
one plate idli no onion,"['one', 'plate', 'idli', 'no', 'onion']","['B-QUANTITY', 'I-QUANTITY', 'B-FOOD', 'B-CUSTOMIZATION', 'I-CUSTOMIZATION']"
send three vadais extra spicy,"['send', 'three', 'vadais', 'extra', 'spicy']","['O', 'B-QUANTITY', 'B-FOOD', 'B-CUSTOMIZATION', 'I-CUSTOMIZATION']"
give me two plates masala dosa no ghee,"['give', 'me', 'two', 'plates', 'masala', 'dosa', 'no', 'ghee']","['O', 'O', 'B-QUANTITY', 'I-QUANTITY', 'B-FOOD', 'I-FOOD', 'B-CUSTOMIZATION', 'I-CUSTOMIZATION']"
one plate pongal with extra chutney,"['one', 'plate', 'pongal', 'with', 'extra', 'chutney']","['B-QUANTITY', 'I-QUANTITY', 'B-FOOD', 'O', 'B-CUSTOMIZATION', 'I-CUSTOMIZATION']"
order two idlis less oil,"['order', 'two', 'idlis', 'less', 'oil']","['O', 'B-QUANTITY', 'B-FOOD', 'B-CUSTOMIZATION', 'I-CUSTOMIZATION']"
need one vada no onion,"['need', 'one', 'vada', 'no', 'onion']","['O', 'B-QUANTITY', 'B-FOOD', 'B-CUSTOMIZATION', 'I-CUSTOMIZATION']"
please send three plates poori extra spicy,"['please', 'send', 'three', 'plates', 'poori', 'extra', 'spicy']","['O', 'O', 'B-QUANTITY', 'I-QUANTITY', 'B-FOOD', 'B-CUSTOMIZATION', 'I-CUSTOMIZATION']"
give me one masala dosa extra butter,"['give', 'me', 'one', 'masala', 'dosa', 'extra', 'butter']","['O', 'O', 'B-QUANTITY', 'B-FOOD', 'I-FOOD', 'B-CUSTOMIZATION', 'I-CUSTOMIZATION']"
order two idlis with extra sambar,"['order', 'two', 'idlis', 'with', 'extra', 'sambar']","['O', 'B-QUANTITY', 'B-FOOD', 'O', 'B-CUSTOMIZATION', 'I-CUSTOMIZATION']"
I want one plate vada less oil,"['I', 'want', 'one', 'plate', 'vada', 'less', 'oil']","['O', 'O', 'B-QUANTITY', 'I-QUANTITY', 'B-FOOD', 'B-CUSTOMIZATION', 'I-CUSTOMIZATION']"
send three dosas no ghee,"['send', 'three', 'dosas', 'no', 'ghee']","['O', 'B-QUANTITY', 'B-FOOD', 'B-CUSTOMIZATION', 'I-CUSTOMIZATION']"
need one plate idli extra chutney,"['need', 'one', 'plate', 'idli', 'extra', 'chutney']","['O', 'B-QUANTITY', 'I-QUANTITY', 'B-FOOD', 'B-CUSTOMIZATION', 'I-CUSTOMIZATION']"
order four idlis with less oil,"['order', 'four', 'idlis', 'with', 'less', 'oil']","['O', 'B-QUANTITY', 'B-FOOD', 'O', 'B-CUSTOMIZATION', 'I-CUSTOMIZATION']"
please send one vada extra spicy,"['please', 'send', 'one', 'vada', 'extra', 'spicy']","['O', 'O', 'B-QUANTITY', 'B-FOOD', 'B-CUSTOMIZATION', 'I-CUSTOMIZATION']"
give me two plates poori no onion,"['give', 'me', 'two', 'plates', 'poori', 'no', 'onion']","['O', 'O', 'B-QUANTITY', 'I-QUANTITY', 'B-FOOD', 'B-CUSTOMIZATION', 'I-CUSTOMIZATION']"
I want one masala dosa with extra butter,"['I', 'want', 'one', 'masala', 'dosa', 'with', 'extra', 'butter']","['O', 'O', 'B-QUANTITY', 'B-FOOD', 'I-FOOD', 'O', 'B-CUSTOMIZATION', 'I-CUSTOMIZATION']"
order two idlis less oil,"['order', 'two', 'idlis', 'less', 'oil']","['O', 'B-QUANTITY', 'B-FOOD', 'B-CUSTOMIZATION', 'I-CUSTOMIZATION']"
need one plate vada no ghee,"['need', 'one', 'plate', 'vada', 'no', 'ghee']","['O', 'B-QUANTITY', 'I-QUANTITY', 'B-FOOD', 'B-CUSTOMIZATION', 'I-CUSTOMIZATION']"
please send three dosas extra chutney,"['please', 'send', 'three', 'dosas', 'extra', 'chutney']","['O', 'O', 'B-QUANTITY', 'B-FOOD', 'B-CUSTOMIZATION', 'I-CUSTOMIZATION']"
give me one plate idli with less oil,"['give', 'me', 'one', 'plate', 'idli', 'with', 'less', 'oil']","['O', 'O', 'B-QUANTITY', 'I-QUANTITY', 'B-FOOD', 'O', 'B-CUSTOMIZATION', 'I-CUSTOMIZATION']"
order two plates pongal extra spicy,"['order', 'two', 'plates', 'pongal', 'extra', 'spicy']","['O', 'B-QUANTITY', 'I-QUANTITY', 'B-FOOD', 'B-CUSTOMIZATION', 'I-CUSTOMIZATION']"
I want three idlis no ghee,"['I', 'want', 'three', 'idlis', 'no', 'ghee']","['O', 'O', 'B-QUANTITY', 'B-FOOD', 'B-CUSTOMIZATION', 'I-CUSTOMIZATION']"
add extra sambar to my idli,"['add', 'extra', 'sambar', 'to', 'my', 'idli']","['O', 'B-CUSTOMIZATION', 'I-CUSTOMIZATION', 'O', 'O', 'B-FOOD']"
I need two pooris without onion,"['I', 'need', 'two', 'pooris', 'without', 'onion']","['O', 'O', 'B-QUANTITY', 'B-FOOD', 'B-CUSTOMIZATION', 'I-CUSTOMIZATION']"
give three vada with extra spicy chutney,"['give', 'three', 'vada', 'with', 'extra', 'spicy', 'chutney']","['O', 'B-QUANTITY', 'B-FOOD', 'O', 'B-CUSTOMIZATION', 'I-CUSTOMIZATION', 'I-CUSTOMIZATION']"
send 1 plate pongal no ghee,"['send', '1', 'plate', 'pongal', 'no', 'ghee']","['O', 'B-QUANTITY', 'I-QUANTITY', 'B-FOOD', 'B-CUSTOMIZATION', 'I-CUSTOMIZATION']"
order four idlis extra chutney,"['order', 'four', 'idlis', 'extra', 'chutney']","['O', 'B-QUANTITY', 'B-FOOD', 'B-CUSTOMIZATION', 'I-CUSTOMIZATION']"
please add less oil to vada,"['please', 'add', 'less', 'oil', 'to', 'vada']","['O', 'O', 'B-CUSTOMIZATION', 'I-CUSTOMIZATION', 'O', 'B-FOOD']"
I want one masala dosa with no onion,"['I', 'want', 'one', 'masala', 'dosa', 'with', 'no', 'onion']","['O', 'O', 'B-QUANTITY', 'B-FOOD', 'I-FOOD', 'O', 'B-CUSTOMIZATION', 'I-CUSTOMIZATION']"
give me extra crispy poori,"['give', 'me', 'extra', 'crispy', 'poori']","['O', 'O', 'B-CUSTOMIZATION', 'I-CUSTOMIZATION', 'B-FOOD']"
two idli no salt,"['two', 'idli', 'no', 'salt']","['B-QUANTITY', 'B-FOOD', 'B-CUSTOMIZATION', 'I-CUSTOMIZATION']"
get one plate pongal with extra ghee,"['get', 'one', 'plate', 'pongal', 'with', 'extra', 'ghee']","['O', 'B-QUANTITY', 'I-QUANTITY', 'B-FOOD', 'O', 'B-CUSTOMIZATION', 'I-CUSTOMIZATION']"
bring three vadais with no spice,"['bring', 'three', 'vadais', 'with', 'no', 'spice']","['O', 'B-QUANTITY', 'B-FOOD', 'O', 'B-CUSTOMIZATION', 'I-CUSTOMIZATION']"
can I get two dosa with less oil,"['can', 'I', 'get', 'two', 'dosa', 'with', 'less', 'oil']","['O', 'O', 'O', 'B-QUANTITY', 'B-FOOD', 'O', 'B-CUSTOMIZATION', 'I-CUSTOMIZATION']"
one plate pongal with extra chutney,"['one', 'plate', 'pongal', 'with', 'extra', 'chutney']","['B-QUANTITY', 'I-QUANTITY', 'B-FOOD', 'O', 'B-CUSTOMIZATION', 'I-CUSTOMIZATION']"
just idli with no onion,"['just', 'idli', 'with', 'no', 'onion']","['O', 'B-FOOD', 'O', 'B-CUSTOMIZATION', 'I-CUSTOMIZATION']"
send three masala dosa extra ghee,"['send', 'three', 'masala', 'dosa', 'extra', 'ghee']","['O', 'B-QUANTITY', 'B-FOOD', 'I-FOOD', 'B-CUSTOMIZATION', 'I-CUSTOMIZATION']"
bring two idlis with less spice,"['bring', 'two', 'idlis', 'with', 'less', 'spice']","['O', 'B-QUANTITY', 'B-FOOD', 'O', 'B-CUSTOMIZATION', 'I-CUSTOMIZATION']"
I need vada with extra sambar,"['I', 'need', 'vada', 'with', 'extra', 'sambar']","['O', 'O', 'B-FOOD', 'O', 'B-CUSTOMIZATION', 'I-CUSTOMIZATION']"
order three plates of pongal no oil,"['order', 'three', 'plates', 'of', 'pongal', 'no', 'oil']","['O', 'B-QUANTITY', 'I-QUANTITY', 'O', 'B-FOOD', 'B-CUSTOMIZATION', 'I-CUSTOMIZATION']"
give me one idli without onion,"['give', 'me', 'one', 'idli', 'without', 'onion']","['O', 'O', 'B-QUANTITY', 'B-FOOD', 'B-CUSTOMIZATION', 'I-CUSTOMIZATION']"
please send two poori extra crispy,"['please', 'send', 'two', 'poori', 'extra', 'crispy']","['O', 'O', 'B-QUANTITY', 'B-FOOD', 'B-CUSTOMIZATION', 'I-CUSTOMIZATION']"
need one idli with more sambar,"['need', 'one', 'idli', 'with', 'more', 'sambar']","['O', 'B-QUANTITY', 'B-FOOD', 'O', 'B-CUSTOMIZATION', 'I-CUSTOMIZATION']"
give two dosa without ghee,"['give', 'two', 'dosa', 'without', 'ghee']","['O', 'B-QUANTITY', 'B-FOOD', 'B-CUSTOMIZATION', 'I-CUSTOMIZATION']"
order three vada with extra spice,"['order', 'three', 'vada', 'with', 'extra', 'spice']","['O', 'B-QUANTITY', 'B-FOOD', 'O', 'B-CUSTOMIZATION', 'I-CUSTOMIZATION']"
get one plate idli no onion,"['get', 'one', 'plate', 'idli', 'no', 'onion']","['O', 'B-QUANTITY', 'I-QUANTITY', 'B-FOOD', 'B-CUSTOMIZATION', 'I-CUSTOMIZATION']"
send four idlis extra chutney,"['send', 'four', 'idlis', 'extra', 'chutney']","['O', 'B-QUANTITY', 'B-FOOD', 'B-CUSTOMIZATION', 'I-CUSTOMIZATION']"
give me masala dosa with no oil,"['give', 'me', 'masala', 'dosa', 'with', 'no', 'oil']","['O', 'O', 'B-FOOD', 'I-FOOD', 'O', 'B-CUSTOMIZATION', 'I-CUSTOMIZATION']"
order one vada extra crispy,"['order', 'one', 'vada', 'extra', 'crispy']","['O', 'B-QUANTITY', 'B-FOOD', 'B-CUSTOMIZATION', 'I-CUSTOMIZATION']"
want idli with less ghee,"['want', 'idli', 'with', 'less', 'ghee']","['O', 'B-FOOD', 'O', 'B-CUSTOMIZATION', 'I-CUSTOMIZATION']"
one plate poori no oil,"['one', 'plate', 'poori', 'no', 'oil']","['B-QUANTITY', 'I-QUANTITY', 'B-FOOD', 'B-CUSTOMIZATION', 'I-CUSTOMIZATION']"
send me two vada with extra chutney,"['send', 'me', 'two', 'vada', 'with', 'extra', 'chutney']","['O', 'O', 'B-QUANTITY', 'B-FOOD', 'O', 'B-CUSTOMIZATION', 'I-CUSTOMIZATION']"
I need three idlis no onion,"['I', 'need', 'three', 'idlis', 'no', 'onion']","['O', 'O', 'B-QUANTITY', 'B-FOOD', 'B-CUSTOMIZATION', 'I-CUSTOMIZATION']"
order one pongal extra spice,"['order', 'one', 'pongal', 'extra', 'spice']","['O', 'B-QUANTITY', 'B-FOOD', 'B-CUSTOMIZATION', 'I-CUSTOMIZATION']"
add less oil to my dosa,"['add', 'less', 'oil', 'to', 'my', 'dosa']","['O', 'B-CUSTOMIZATION', 'I-CUSTOMIZATION', 'O', 'O', 'B-FOOD']"
give four idlis without ghee,"['give', 'four', 'idlis', 'without', 'ghee']","['O', 'B-QUANTITY', 'B-FOOD', 'B-CUSTOMIZATION', 'I-CUSTOMIZATION']"
send me three plates of vada with extra chutney,"['send', 'me', 'three', 'plates', 'of', 'vada', 'with', 'extra', 'chutney']","['O', 'O', 'B-QUANTITY', 'I-QUANTITY', 'O', 'B-FOOD', 'O', 'B-CUSTOMIZATION', 'I-CUSTOMIZATION']"
get idli with no onion,"['get', 'idli', 'with', 'no', 'onion']","['O', 'B-FOOD', 'O', 'B-CUSTOMIZATION', 'I-CUSTOMIZATION']"
bring one poori extra crispy,"['bring', 'one', 'poori', 'extra', 'crispy']","['O', 'B-QUANTITY', 'B-FOOD', 'B-CUSTOMIZATION', 'I-CUSTOMIZATION']"
send two plates pongal no ghee,"['send', 'two', 'plates', 'pongal', 'no', 'ghee']","['O', 'B-QUANTITY', 'I-QUANTITY', 'B-FOOD', 'B-CUSTOMIZATION', 'I-CUSTOMIZATION']"
add extra chutney to vada,"['add', 'extra', 'chutney', 'to', 'vada']","['O', 'B-CUSTOMIZATION', 'I-CUSTOMIZATION', 'O', 'B-FOOD']"
I want masala dosa with extra butter,"['I', 'want', 'masala', 'dosa', 'with', 'extra', 'butter']","['O', 'O', 'B-FOOD', 'I-FOOD', 'O', 'B-CUSTOMIZATION', 'I-CUSTOMIZATION']"
order four poori without spice,"['order', 'four', 'poori', 'without', 'spice']","['O', 'B-QUANTITY', 'B-FOOD', 'B-CUSTOMIZATION', 'I-CUSTOMIZATION']"
send three idlis with no salt,"['send', 'three', 'idlis', 'with', 'no', 'salt']","['O', 'B-QUANTITY', 'B-FOOD', 'O', 'B-CUSTOMIZATION', 'I-CUSTOMIZATION']"
one plate vada extra chutney,"['one', 'plate', 'vada', 'extra', 'chutney']","['B-QUANTITY', 'I-QUANTITY', 'B-FOOD', 'B-CUSTOMIZATION', 'I-CUSTOMIZATION']"
get two masala dosa less oil,"['get', 'two', 'masala', 'dosa', 'less', 'oil']","['O', 'B-QUANTITY', 'B-FOOD', 'I-FOOD', 'B-CUSTOMIZATION', 'I-CUSTOMIZATION']"
bring idli no onion,"['bring', 'idli', 'no', 'onion']","['O', 'B-FOOD', 'B-CUSTOMIZATION', 'I-CUSTOMIZATION']"
order one plate pongal extra ghee,"['order', 'one', 'plate', 'pongal', 'extra', 'ghee']","['O', 'B-QUANTITY', 'I-QUANTITY', 'B-FOOD', 'B-CUSTOMIZATION', 'I-CUSTOMIZATION']"
send me three poori extra crispy,"['send', 'me', 'three', 'poori', 'extra', 'crispy']","['O', 'O', 'B-QUANTITY', 'B-FOOD', 'B-CUSTOMIZATION', 'I-CUSTOMIZATION']"
give two vada without oil,"['give', 'two', 'vada', 'without', 'oil']","['O', 'B-QUANTITY', 'B-FOOD', 'B-CUSTOMIZATION', 'I-CUSTOMIZATION']"
order 2 idly with extra chutni,"['order', '2', 'idly', 'with', 'extra', 'chutni']","['O', 'B-QUANTITY', 'B-FOOD', 'O', 'B-CUSTOMIZATION', 'I-CUSTOMIZATION']"
plz send 1 masala dosa no ghee,"['plz', 'send', '1', 'masala', 'dosa', 'no', 'ghee']","['O', 'O', 'B-QUANTITY', 'B-FOOD', 'I-FOOD', 'B-CUSTOMIZATION', 'I-CUSTOMIZATION']"
want 3 pooriis less oil pls,"['want', '3', 'pooriis', 'less', 'oil', 'pls']","['O', 'B-QUANTITY', 'B-FOOD', 'B-CUSTOMIZATION', 'I-CUSTOMIZATION', 'O']"
can i have extra chutney and 2 idlis,"['can', 'i', 'have', 'extra', 'chutney', 'and', '2', 'idlis']","['O', 'O', 'O', 'B-CUSTOMIZATION', 'I-CUSTOMIZATION', 'O', 'B-QUANTITY', 'B-FOOD']"
send me one plate of masala dosaa,"['send', 'me', 'one', 'plate', 'of', 'masala', 'dosaa']","['O', 'O', 'B-QUANTITY', 'I-QUANTITY', 'O', 'B-FOOD', 'I-FOOD']"
i need small vada with extra spicy chutni,"['i', 'need', 'small', 'vada', 'with', 'extra', 'spicy', 'chutni']","['O', 'O', 'B-QUANTITY', 'B-FOOD', 'O', 'B-CUSTOMIZATION', 'I-CUSTOMIZATION', 'I-CUSTOMIZATION']"
order 2 dossas less oil,"['order', '2', 'dossas', 'less', 'oil']","['O', 'B-QUANTITY', 'B-FOOD', 'B-CUSTOMIZATION', 'I-CUSTOMIZATION']"
please send one idly with no onion,"['please', 'send', 'one', 'idly', 'with', 'no', 'onion']","['O', 'O', 'B-QUANTITY', 'B-FOOD', 'O', 'B-CUSTOMIZATION', 'I-CUSTOMIZATION']"
give me 3 plates pooris with extra sabji,"['give', 'me', '3', 'plates', 'pooris', 'with', 'extra', 'sabji']","['O', 'O', 'B-QUANTITY', 'I-QUANTITY', 'B-FOOD', 'O', 'B-CUSTOMIZATION', 'I-CUSTOMIZATION']"
need 2 idly with more chutni,"['need', '2', 'idly', 'with', 'more', 'chutni']","['O', 'B-QUANTITY', 'B-FOOD', 'O', 'B-CUSTOMIZATION', 'I-CUSTOMIZATION']"
order one dosa no ghee extra sambar,"['order', 'one', 'dosa', 'no', 'ghee', 'extra', 'sambar']","['O', 'B-QUANTITY', 'B-FOOD', 'B-CUSTOMIZATION', 'I-CUSTOMIZATION', 'B-CUSTOMIZATION', 'I-CUSTOMIZATION']"
send 3 idlis less spicy,"['send', '3', 'idlis', 'less', 'spicy']","['O', 'B-QUANTITY', 'B-FOOD', 'B-CUSTOMIZATION', 'I-CUSTOMIZATION']"
plz give 1 plate pongal with extra chutni,"['plz', 'give', '1', 'plate', 'pongal', 'with', 'extra', 'chutni']","['O', 'O', 'B-QUANTITY', 'I-QUANTITY', 'B-FOOD', 'O', 'B-CUSTOMIZATION', 'I-CUSTOMIZATION']"
i want 2 dossas no onion,"['i', 'want', '2', 'dossas', 'no', 'onion']","['O', 'O', 'B-QUANTITY', 'B-FOOD', 'B-CUSTOMIZATION', 'I-CUSTOMIZATION']"
give me small vada with extra chutney,"['give', 'me', 'small', 'vada', 'with', 'extra', 'chutney']","['O', 'O', 'B-QUANTITY', 'B-FOOD', 'O', 'B-CUSTOMIZATION', 'I-CUSTOMIZATION']"
order one plate idly and extra ghee,"['order', 'one', 'plate', 'idly', 'and', 'extra', 'ghee']","['O', 'B-QUANTITY', 'I-QUANTITY', 'B-FOOD', 'O', 'B-CUSTOMIZATION', 'I-CUSTOMIZATION']"
need 3 poori with less oil,"['need', '3', 'poori', 'with', 'less', 'oil']","['O', 'B-QUANTITY', 'B-FOOD', 'O', 'B-CUSTOMIZATION', 'I-CUSTOMIZATION']"
send 2 idlys with extra spicy chutni,"['send', '2', 'idlys', 'with', 'extra', 'spicy', 'chutni']","['O', 'B-QUANTITY', 'B-FOOD', 'O', 'B-CUSTOMIZATION', 'I-CUSTOMIZATION', 'I-CUSTOMIZATION']"
plz order one plate masala dosa no ghee,"['plz', 'order', 'one', 'plate', 'masala', 'dosa', 'no', 'ghee']","['O', 'O', 'B-QUANTITY', 'I-QUANTITY', 'B-FOOD', 'I-FOOD', 'B-CUSTOMIZATION', 'I-CUSTOMIZATION']"
want extra chutney and 2 idly,"['want', 'extra', 'chutney', 'and', '2', 'idly']","['O', 'B-CUSTOMIZATION', 'I-CUSTOMIZATION', 'O', 'B-QUANTITY', 'B-FOOD']"
give me 3 plates dosa with less oil,"['give', 'me', '3', 'plates', 'dosa', 'with', 'less', 'oil']","['O', 'O', 'B-QUANTITY', 'I-QUANTITY', 'B-FOOD', 'O', 'B-CUSTOMIZATION', 'I-CUSTOMIZATION']"
order one poori extra spicy,"['order', 'one', 'poori', 'extra', 'spicy']","['O', 'B-QUANTITY', 'B-FOOD', 'B-CUSTOMIZATION', 'I-CUSTOMIZATION']"
need 2 idli with extra sambar,"['need', '2', 'idli', 'with', 'extra', 'sambar']","['O', 'B-QUANTITY', 'B-FOOD', 'O', 'B-CUSTOMIZATION', 'I-CUSTOMIZATION']"
send me one plate vada with no ghee,"['send', 'me', 'one', 'plate', 'vada', 'with', 'no', 'ghee']","['O', 'O', 'B-QUANTITY', 'I-QUANTITY', 'B-FOOD', 'O', 'B-CUSTOMIZATION', 'I-CUSTOMIZATION']"
order 3 idlis less spicy,"['order', '3', 'idlis', 'less', 'spicy']","['O', 'B-QUANTITY', 'B-FOOD', 'B-CUSTOMIZATION', 'I-CUSTOMIZATION']"
plz give one plate pongal extra ghee,"['plz', 'give', 'one', 'plate', 'pongal', 'extra', 'ghee']","['O', 'O', 'B-QUANTITY', 'I-QUANTITY', 'B-FOOD', 'B-CUSTOMIZATION', 'I-CUSTOMIZATION']"
i want 2 dosa with extra chutney,"['i', 'want', '2', 'dosa', 'with', 'extra', 'chutney']","['O', 'O', 'B-QUANTITY', 'B-FOOD', 'O', 'B-CUSTOMIZATION', 'I-CUSTOMIZATION']"
give me small vada with no onion,"['give', 'me', 'small', 'vada', 'with', 'no', 'onion']","['O', 'O', 'B-QUANTITY', 'B-FOOD', 'O', 'B-CUSTOMIZATION', 'I-CUSTOMIZATION']"
order one idly with extra chutni,"['order', 'one', 'idly', 'with', 'extra', 'chutni']","['O', 'B-QUANTITY', 'B-FOOD', 'O', 'B-CUSTOMIZATION', 'I-CUSTOMIZATION']"
need 3 poori less oil,"['need', '3', 'poori', 'less', 'oil']","['O', 'B-QUANTITY', 'B-FOOD', 'B-CUSTOMIZATION', 'I-CUSTOMIZATION']"
plz send 2 masala dosas wit extra cheese,"['plz', 'send', '2', 'masala', 'dosas', 'wit', 'extra', 'cheese']","['O', 'O', 'B-QUANTITY', 'B-FOOD', 'I-FOOD', 'O', 'B-CUSTOMIZATION', 'I-CUSTOMIZATION']"
can i have 1 idly with less spice,"['can', 'i', 'have', '1', 'idly', 'with', 'less', 'spice']","['O', 'O', 'O', 'B-QUANTITY', 'B-FOOD', 'O', 'B-CUSTOMIZATION', 'I-CUSTOMIZATION']"
give me 3 plate poori no onion,"['give', 'me', '3', 'plate', 'poori', 'no', 'onion']","['O', 'O', 'B-QUANTITY', 'O', 'B-FOOD', 'B-CUSTOMIZATION', 'I-CUSTOMIZATION']"
order 4 vada wth extra sambar,"['order', '4', 'vada', 'wth', 'extra', 'sambar']","['O', 'B-QUANTITY', 'B-FOOD', 'O', 'B-CUSTOMIZATION', 'I-CUSTOMIZATION']"
1 dosa no ghee pls,"['1', 'dosa', 'no', 'ghee', 'pls']","['B-QUANTITY', 'B-FOOD', 'B-CUSTOMIZATION', 'I-CUSTOMIZATION', 'O']"
want 2 idli with less oil,"['want', '2', 'idli', 'with', 'less', 'oil']","['O', 'B-QUANTITY', 'B-FOOD', 'O', 'B-CUSTOMIZATION', 'I-CUSTOMIZATION']"
send me a smal vada no chilly,"['send', 'me', 'a', 'smal', 'vada', 'no', 'chilly']","['O', 'O', 'O', 'B-QUANTITY', 'B-FOOD', 'B-CUSTOMIZATION', 'I-CUSTOMIZATION']"
pls add 3 masala dosa extra chutni,"['pls', 'add', '3', 'masala', 'dosa', 'extra', 'chutni']","['O', 'O', 'B-QUANTITY', 'B-FOOD', 'I-FOOD', 'B-CUSTOMIZATION', 'I-CUSTOMIZATION']"
1plate idly with no ginger,"['1plate', 'idly', 'with', 'no', 'ginger']","['B-QUANTITY', 'B-FOOD', 'O', 'B-CUSTOMIZATION', 'I-CUSTOMIZATION']"
i need 4 dosaa less salt,"['i', 'need', '4', 'dosaa', 'less', 'salt']","['O', 'O', 'B-QUANTITY', 'B-FOOD', 'B-CUSTOMIZATION', 'I-CUSTOMIZATION']"
two idlis and extra sambar,"['two', 'idlis', 'and', 'extra', 'sambar']","['B-QUANTITY', 'B-FOOD', 'O', 'B-CUSTOMIZATION', 'I-CUSTOMIZATION']"
please send 1 poori with extra oil,"['please', 'send', '1', 'poori', 'with', 'extra', 'oil']","['O', 'O', 'B-QUANTITY', 'B-FOOD', 'O', 'B-CUSTOMIZATION', 'I-CUSTOMIZATION']"
3 plates vada less spicy,"['3', 'plates', 'vada', 'less', 'spicy']","['B-QUANTITY', 'O', 'B-FOOD', 'B-CUSTOMIZATION', 'I-CUSTOMIZATION']"
want one masaladosa with extra cheese,"['want', 'one', 'masaladosa', 'with', 'extra', 'cheese']","['O', 'B-QUANTITY', 'B-FOOD', 'O', 'B-CUSTOMIZATION', 'I-CUSTOMIZATION']"
1 idly with extra ghee,"['1', 'idly', 'with', 'extra', 'ghee']","['B-QUANTITY', 'B-FOOD', 'O', 'B-CUSTOMIZATION', 'I-CUSTOMIZATION']"
order 2 dossas no onion,"['order', '2', 'dossas', 'no', 'onion']","['O', 'B-QUANTITY', 'B-FOOD', 'B-CUSTOMIZATION', 'I-CUSTOMIZATION']"
3 idlies with little spicy,"['3', 'idlies', 'with', 'little', 'spicy']","['B-QUANTITY', 'B-FOOD', 'O', 'B-CUSTOMIZATION', 'I-CUSTOMIZATION']"
send 1 plate poory extra chutni,"['send', '1', 'plate', 'poory', 'extra', 'chutni']","['O', 'B-QUANTITY', 'O', 'B-FOOD', 'B-CUSTOMIZATION', 'I-CUSTOMIZATION']"
2 vadais with less oil,"['2', 'vadais', 'with', 'less', 'oil']","['B-QUANTITY', 'B-FOOD', 'O', 'B-CUSTOMIZATION', 'I-CUSTOMIZATION']"
i want 3 masala dossas pls,"['i', 'want', '3', 'masala', 'dossas', 'pls']","['O', 'O', 'B-QUANTITY', 'B-FOOD', 'I-FOOD', 'O']"
extra chutney and 2 idli,"['extra', 'chutney', 'and', '2', 'idli']","['B-CUSTOMIZATION', 'I-CUSTOMIZATION', 'O', 'B-QUANTITY', 'B-FOOD']"
1 plate poori with less salt,"['1', 'plate', 'poori', 'with', 'less', 'salt']","['B-QUANTITY', 'O', 'B-FOOD', 'O', 'B-CUSTOMIZATION', 'I-CUSTOMIZATION']"
send me 2 small idlis,"['send', 'me', '2', 'small', 'idlis']","['O', 'O', 'B-QUANTITY', 'B-QUANTITY', 'B-FOOD']"
want one masala dos with extra butter,"['want', 'one', 'masala', 'dos', 'with', 'extra', 'butter']","['O', 'B-QUANTITY', 'B-FOOD', 'I-FOOD', 'O', 'B-CUSTOMIZATION', 'I-CUSTOMIZATION']"
pls send 3 idli with no ghee,"['pls', 'send', '3', 'idli', 'with', 'no', 'ghee']","['O', 'O', 'B-QUANTITY', 'B-FOOD', 'O', 'B-CUSTOMIZATION', 'I-CUSTOMIZATION']"
2 dosa extra spicy,"['2', 'dosa', 'extra', 'spicy']","['B-QUANTITY', 'B-FOOD', 'B-CUSTOMIZATION', 'I-CUSTOMIZATION']"
1 vada with less oil,"['1', 'vada', 'with', 'less', 'oil']","['B-QUANTITY', 'B-FOOD', 'O', 'B-CUSTOMIZATION', 'I-CUSTOMIZATION']"
order 3 plates idlis with extra sambar,"['order', '3', 'plates', 'idlis', 'with', 'extra', 'sambar']","['O', 'B-QUANTITY', 'O', 'B-FOOD', 'O', 'B-CUSTOMIZATION', 'I-CUSTOMIZATION']"
pls send 1 masala dosa without onion,"['pls', 'send', '1', 'masala', 'dosa', 'without', 'onion']","['O', 'O', 'B-QUANTITY', 'B-FOOD', 'I-FOOD', 'B-CUSTOMIZATION', 'I-CUSTOMIZATION']"
give me 2 idli extra chutney,"['give', 'me', '2', 'idli', 'extra', 'chutney']","['O', 'O', 'B-QUANTITY', 'B-FOOD', 'B-CUSTOMIZATION', 'I-CUSTOMIZATION']"
1 plate poori less oil,"['1', 'plate', 'poori', 'less', 'oil']","['B-QUANTITY', 'O', 'B-FOOD', 'B-CUSTOMIZATION', 'I-CUSTOMIZATION']"
want 3 dosa with extra ghee,"['want', '3', 'dosa', 'with', 'extra', 'ghee']","['O', 'B-QUANTITY', 'B-FOOD', 'O', 'B-CUSTOMIZATION', 'I-CUSTOMIZATION']"
2 idli no onion,"['2', 'idli', 'no', 'onion']","['B-QUANTITY', 'B-FOOD', 'B-CUSTOMIZATION', 'I-CUSTOMIZATION']"
pls add 1 vada with less spicy,"['pls', 'add', '1', 'vada', 'with', 'less', 'spicy']","['O', 'O', 'B-QUANTITY', 'B-FOOD', 'O', 'B-CUSTOMIZATION', 'I-CUSTOMIZATION']"
need 3 dosa extra butter,"['need', '3', 'dosa', 'extra', 'butter']","['O', 'B-QUANTITY', 'B-FOOD', 'B-CUSTOMIZATION', 'I-CUSTOMIZATION']"
send 2 idli with extra sambar,"['send', '2', 'idli', 'with', 'extra', 'sambar']","['O', 'B-QUANTITY', 'B-FOOD', 'O', 'B-CUSTOMIZATION', 'I-CUSTOMIZATION']"
pls send one poori with less oil,"['pls', 'send', 'one', 'poori', 'with', 'less', 'oil']","['O', 'O', 'B-QUANTITY', 'B-FOOD', 'O', 'B-CUSTOMIZATION', 'I-CUSTOMIZATION']"
order 1 plate vada extra spicy,"['order', '1', 'plate', 'vada', 'extra', 'spicy']","['O', 'B-QUANTITY', 'O', 'B-FOOD', 'B-CUSTOMIZATION', 'I-CUSTOMIZATION']"
want 2 idlies no ghee,"['want', '2', 'idlies', 'no', 'ghee']","['O', 'B-QUANTITY', 'B-FOOD', 'B-CUSTOMIZATION', 'I-CUSTOMIZATION']"
give me 3 masala dosa extra chutney,"['give', 'me', '3', 'masala', 'dosa', 'extra', 'chutney']","['O', 'O', 'B-QUANTITY', 'B-FOOD', 'I-FOOD', 'B-CUSTOMIZATION', 'I-CUSTOMIZATION']"
get me 2 idlis no onion,"['get', 'me', '2', 'idlis', 'no', 'onion']","['O', 'O', 'B-QUANTITY', 'B-FOOD', 'B-CUSTOMIZATION', 'I-CUSTOMIZATION']"
1 plate dosa less spicy,"['1', 'plate', 'dosa', 'less', 'spicy']","['B-QUANTITY', 'I-QUANTITY', 'B-FOOD', 'B-CUSTOMIZATION', 'I-CUSTOMIZATION']"
three vada extra chutni,"['three', 'vada', 'extra', 'chutni']","['B-QUANTITY', 'B-FOOD', 'B-CUSTOMIZATION', 'I-CUSTOMIZATION']"
give pongal with no ghee,"['give', 'pongal', 'with', 'no', 'ghee']","['O', 'B-FOOD', 'O', 'B-CUSTOMIZATION', 'I-CUSTOMIZATION']"
i want masla dosa no oil,"['i', 'want', 'masla', 'dosa', 'no', 'oil']","['O', 'O', 'B-FOOD', 'I-FOOD', 'B-CUSTOMIZATION', 'I-CUSTOMIZATION']"
send 4 idlies extra chutney pls,"['send', '4', 'idlies', 'extra', 'chutney', 'pls']","['O', 'B-QUANTITY', 'B-FOOD', 'B-CUSTOMIZATION', 'I-CUSTOMIZATION', 'O']"
get me poori without onion,"['get', 'me', 'poori', 'without', 'onion']","['O', 'O', 'B-FOOD', 'B-CUSTOMIZATION', 'I-CUSTOMIZATION']"
just one plate pongal,"['just', 'one', 'plate', 'pongal']","['O', 'B-QUANTITY', 'I-QUANTITY', 'B-FOOD']"
2 dosas less oil more crispy,"['2', 'dosas', 'less', 'oil', 'more', 'crispy']","['B-QUANTITY', 'B-FOOD', 'B-CUSTOMIZATION', 'I-CUSTOMIZATION', 'B-CUSTOMIZATION', 'I-CUSTOMIZATION']"
pls 1 idli no ghee,"['pls', '1', 'idli', 'no', 'ghee']","['O', 'B-QUANTITY', 'B-FOOD', 'B-CUSTOMIZATION', 'I-CUSTOMIZATION']"
one vada extra sambar,"['one', 'vada', 'extra', 'sambar']","['B-QUANTITY', 'B-FOOD', 'B-CUSTOMIZATION', 'I-CUSTOMIZATION']"
bring 3 idly wit no oil,"['bring', '3', 'idly', 'wit', 'no', 'oil']","['O', 'B-QUANTITY', 'B-FOOD', 'O', 'B-CUSTOMIZATION', 'I-CUSTOMIZATION']"
want pongal with ghee,"['want', 'pongal', 'with', 'ghee']","['O', 'B-FOOD', 'O', 'B-CUSTOMIZATION']"
order 4 idlis wit spicy chutney,"['order', '4', 'idlis', 'wit', 'spicy', 'chutney']","['O', 'B-QUANTITY', 'B-FOOD', 'O', 'B-CUSTOMIZATION', 'I-CUSTOMIZATION']"
i need two plates of idli,"['i', 'need', 'two', 'plates', 'of', 'idli']","['O', 'O', 'B-QUANTITY', 'I-QUANTITY', 'O', 'B-FOOD']"
get me dosa with extra sambhar,"['get', 'me', 'dosa', 'with', 'extra', 'sambhar']","['O', 'O', 'B-FOOD', 'O', 'B-CUSTOMIZATION', 'I-CUSTOMIZATION']"
please send 3 masala dosa no onions,"['please', 'send', '3', 'masala', 'dosa', 'no', 'onions']","['O', 'O', 'B-QUANTITY', 'B-FOOD', 'I-FOOD', 'B-CUSTOMIZATION', 'I-CUSTOMIZATION']"
4 idlis no ghee,"['4', 'idlis', 'no', 'ghee']","['B-QUANTITY', 'B-FOOD', 'B-CUSTOMIZATION', 'I-CUSTOMIZATION']"
i want 2 pooris less oil,"['i', 'want', '2', 'pooris', 'less', 'oil']","['O', 'O', 'B-QUANTITY', 'B-FOOD', 'B-CUSTOMIZATION', 'I-CUSTOMIZATION']"
dosa without spice,"['dosa', 'without', 'spice']","['B-FOOD', 'B-CUSTOMIZATION', 'I-CUSTOMIZATION']"
1 poori add extra chutney,"['1', 'poori', 'add', 'extra', 'chutney']","['B-QUANTITY', 'B-FOOD', 'O', 'B-CUSTOMIZATION', 'I-CUSTOMIZATION']"
get me small idli,"['get', 'me', 'small', 'idli']","['O', 'O', 'B-QUANTITY', 'B-FOOD']"
add chutni for my dosa,"['add', 'chutni', 'for', 'my', 'dosa']","['O', 'B-CUSTOMIZATION', 'O', 'O', 'B-FOOD']"
need 5 idlis extra onion,"['need', '5', 'idlis', 'extra', 'onion']","['O', 'B-QUANTITY', 'B-FOOD', 'B-CUSTOMIZATION', 'I-CUSTOMIZATION']"
serve masala dosa no spicy,"['serve', 'masala', 'dosa', 'no', 'spicy']","['O', 'B-FOOD', 'I-FOOD', 'B-CUSTOMIZATION', 'I-CUSTOMIZATION']"
bring 2 idlis wit sambhar,"['bring', '2', 'idlis', 'wit', 'sambhar']","['O', 'B-QUANTITY', 'B-FOOD', 'O', 'B-CUSTOMIZATION']"
get me idli less salt,"['get', 'me', 'idli', 'less', 'salt']","['O', 'O', 'B-FOOD', 'B-CUSTOMIZATION', 'I-CUSTOMIZATION']"
two vada no spice,"['two', 'vada', 'no', 'spice']","['B-QUANTITY', 'B-FOOD', 'B-CUSTOMIZATION', 'I-CUSTOMIZATION']"
1 masala dosaa xtra chutney,"['1', 'masala', 'dosaa', 'xtra', 'chutney']","['B-QUANTITY', 'B-FOOD', 'I-FOOD', 'B-CUSTOMIZATION', 'I-CUSTOMIZATION']"
need idli with onion,"['need', 'idli', 'with', 'onion']","['O', 'B-FOOD', 'O', 'B-CUSTOMIZATION']"
i want 5 poori no oil please,"['i', 'want', '5', 'poori', 'no', 'oil', 'please']","['O', 'O', 'B-QUANTITY', 'B-FOOD', 'B-CUSTOMIZATION', 'I-CUSTOMIZATION', 'O']"
send me 3 idlis extra sambar,"['send', 'me', '3', 'idlis', 'extra', 'sambar']","['O', 'O', 'B-QUANTITY', 'B-FOOD', 'B-CUSTOMIZATION', 'I-CUSTOMIZATION']"
order 1 plate pongal,"['order', '1', 'plate', 'pongal']","['O', 'B-QUANTITY', 'I-QUANTITY', 'B-FOOD']"
give one dosa wit chutney,"['give', 'one', 'dosa', 'wit', 'chutney']","['O', 'B-QUANTITY', 'B-FOOD', 'O', 'B-CUSTOMIZATION']"
make dosa extra crisp,"['make', 'dosa', 'extra', 'crisp']","['O', 'B-FOOD', 'B-CUSTOMIZATION', 'I-CUSTOMIZATION']"
add sambar on top,"['add', 'sambar', 'on', 'top']","['B-CUSTOMIZATION', 'I-CUSTOMIZATION', 'O', 'O']"
send me big idli,"['send', 'me', 'big', 'idli']","['O', 'O', 'B-QUANTITY', 'B-FOOD']"
one idli with xtra chutni,"['one', 'idli', 'with', 'xtra', 'chutni']","['B-QUANTITY', 'B-FOOD', 'O', 'B-CUSTOMIZATION', 'I-CUSTOMIZATION']"
3 poori extra ghee,"['3', 'poori', 'extra', 'ghee']","['B-QUANTITY', 'B-FOOD', 'B-CUSTOMIZATION', 'I-CUSTOMIZATION']"
need dosaa no salt,"['need', 'dosaa', 'no', 'salt']","['O', 'B-FOOD', 'B-CUSTOMIZATION', 'I-CUSTOMIZATION']"
i want four idlis,"['i', 'want', 'four', 'idlis']","['O', 'O', 'B-QUANTITY', 'B-FOOD']"
order 2 vada with extra onion,"['order', '2', 'vada', 'with', 'extra', 'onion']","['O', 'B-QUANTITY', 'B-FOOD', 'O', 'B-CUSTOMIZATION', 'I-CUSTOMIZATION']"
give pongal with chutney,"['give', 'pongal', 'with', 'chutney']","['O', 'B-FOOD', 'O', 'B-CUSTOMIZATION']"
please add chutney extra,"['please', 'add', 'chutney', 'extra']","['O', 'O', 'B-CUSTOMIZATION', 'I-CUSTOMIZATION']"
want idli extra crisp,"['want', 'idli', 'extra', 'crisp']","['O', 'B-FOOD', 'B-CUSTOMIZATION', 'I-CUSTOMIZATION']"
2 plate idlis no spicy,"['2', 'plate', 'idlis', 'no', 'spicy']","['B-QUANTITY', 'I-QUANTITY', 'B-FOOD', 'B-CUSTOMIZATION', 'I-CUSTOMIZATION']"
order pongal witout onion,"['order', 'pongal', 'witout', 'onion']","['O', 'B-FOOD', 'B-CUSTOMIZATION', 'I-CUSTOMIZATION']"
give 1 dosa less ghee,"['give', '1', 'dosa', 'less', 'ghee']","['O', 'B-QUANTITY', 'B-FOOD', 'B-CUSTOMIZATION', 'I-CUSTOMIZATION']"
send one idli no spicy,"['send', 'one', 'idli', 'no', 'spicy']","['O', 'B-QUANTITY', 'B-FOOD', 'B-CUSTOMIZATION', 'I-CUSTOMIZATION']"
1 idly no onion pls,"['1', 'idly', 'no', 'onion', 'pls']","['B-QUANTITY', 'B-FOOD', 'B-CUSTOMIZATION', 'I-CUSTOMIZATION', 'O']"
pls giv me 3 idlies and xtra chuttney,"['pls', 'giv', 'me', '3', 'idlies', 'and', 'xtra', 'chuttney']","['O', 'O', 'O', 'B-QUANTITY', 'B-FOOD', 'O', 'B-CUSTOMIZATION', 'I-CUSTOMIZATION']"
i want 1 dosa widout oil,"['i', 'want', '1', 'dosa', 'widout', 'oil']","['O', 'O', 'B-QUANTITY', 'B-FOOD', 'B-CUSTOMIZATION', 'I-CUSTOMIZATION']"
2 plate poori no ghee pls,"['2', 'plate', 'poori', 'no', 'ghee', 'pls']","['B-QUANTITY', 'I-QUANTITY', 'B-FOOD', 'B-CUSTOMIZATION', 'I-CUSTOMIZATION', 'O']"
send one pongal no onion,"['send', 'one', 'pongal', 'no', 'onion']","['O', 'B-QUANTITY', 'B-FOOD', 'B-CUSTOMIZATION', 'I-CUSTOMIZATION']"
xtra crispy dosa plz,"['xtra', 'crispy', 'dosa', 'plz']","['B-CUSTOMIZATION', 'I-CUSTOMIZATION', 'B-FOOD', 'O']"
i need 4 idli with less oil,"['i', 'need', '4', 'idli', 'with', 'less', 'oil']","['O', 'O', 'B-QUANTITY', 'B-FOOD', 'O', 'B-CUSTOMIZATION', 'I-CUSTOMIZATION']"
masal dos 1 plate no ghee,"['masal', 'dos', '1', 'plate', 'no', 'ghee']","['B-FOOD', 'I-FOOD', 'B-QUANTITY', 'I-QUANTITY', 'B-CUSTOMIZATION', 'I-CUSTOMIZATION']"
1 plate vada no coconut chutney,"['1', 'plate', 'vada', 'no', 'coconut', 'chutney']","['B-QUANTITY', 'I-QUANTITY', 'B-FOOD', 'B-CUSTOMIZATION', 'I-CUSTOMIZATION', 'I-CUSTOMIZATION']"
need 3x idlis wid spicy chutny,"['need', '3x', 'idlis', 'wid', 'spicy', 'chutny']","['O', 'B-QUANTITY', 'B-FOOD', 'O', 'B-CUSTOMIZATION', 'I-CUSTOMIZATION']"
give 1 pongal n 2 vada,"['give', '1', 'pongal', 'n', '2', 'vada']","['O', 'B-QUANTITY', 'B-FOOD', 'O', 'B-QUANTITY', 'B-FOOD']"
order 1 idli wit xtra sambhar,"['order', '1', 'idli', 'wit', 'xtra', 'sambhar']","['O', 'B-QUANTITY', 'B-FOOD', 'O', 'B-CUSTOMIZATION', 'I-CUSTOMIZATION']"
pls add 2 idlis with no ghee,"['pls', 'add', '2', 'idlis', 'with', 'no', 'ghee']","['O', 'O', 'B-QUANTITY', 'B-FOOD', 'O', 'B-CUSTOMIZATION', 'I-CUSTOMIZATION']"
i take 3 idly more crispy,"['i', 'take', '3', 'idly', 'more', 'crispy']","['O', 'O', 'B-QUANTITY', 'B-FOOD', 'B-CUSTOMIZATION', 'I-CUSTOMIZATION']"
hey 1 masala dosa no onion,"['hey', '1', 'masala', 'dosa', 'no', 'onion']","['O', 'B-QUANTITY', 'B-FOOD', 'I-FOOD', 'B-CUSTOMIZATION', 'I-CUSTOMIZATION']"
one plate pongal witout ghee,"['one', 'plate', 'pongal', 'witout', 'ghee']","['B-QUANTITY', 'I-QUANTITY', 'B-FOOD', 'B-CUSTOMIZATION', 'I-CUSTOMIZATION']"
add extra chutny to my 1 idli,"['add', 'extra', 'chutny', 'to', 'my', '1', 'idli']","['O', 'B-CUSTOMIZATION', 'I-CUSTOMIZATION', 'O', 'O', 'B-QUANTITY', 'B-FOOD']"
2 pooris less oil,"['2', 'pooris', 'less', 'oil']","['B-QUANTITY', 'B-FOOD', 'B-CUSTOMIZATION', 'I-CUSTOMIZATION']"
need dosa more crispy n spicy,"['need', 'dosa', 'more', 'crispy', 'n', 'spicy']","['O', 'B-FOOD', 'B-CUSTOMIZATION', 'I-CUSTOMIZATION', 'O', 'I-CUSTOMIZATION']"
xtra sambhar and no onion,"['xtra', 'sambhar', 'and', 'no', 'onion']","['B-CUSTOMIZATION', 'I-CUSTOMIZATION', 'O', 'B-CUSTOMIZATION', 'I-CUSTOMIZATION']"
one vada plz,"['one', 'vada', 'plz']","['B-QUANTITY', 'B-FOOD', 'O']"
get me 2 idlis with no ghee,"['get', 'me', '2', 'idlis', 'with', 'no', 'ghee']","['O', 'O', 'B-QUANTITY', 'B-FOOD', 'O', 'B-CUSTOMIZATION', 'I-CUSTOMIZATION']"
chutney extra pls and 3 idlis,"['chutney', 'extra', 'pls', 'and', '3', 'idlis']","['B-CUSTOMIZATION', 'I-CUSTOMIZATION', 'O', 'O', 'B-QUANTITY', 'B-FOOD']"
order dosa x1 widout spicy chutney,"['order', 'dosa', 'x1', 'widout', 'spicy', 'chutney']","['O', 'B-FOOD', 'B-QUANTITY', 'B-CUSTOMIZATION', 'I-CUSTOMIZATION', 'I-CUSTOMIZATION']"
give 2x vada more crisp,"['give', '2x', 'vada', 'more', 'crisp']","['O', 'B-QUANTITY', 'B-FOOD', 'B-CUSTOMIZATION', 'I-CUSTOMIZATION']"
send 4 idlis no chutney,"['send', '4', 'idlis', 'no', 'chutney']","['O', 'B-QUANTITY', 'B-FOOD', 'B-CUSTOMIZATION', 'I-CUSTOMIZATION']"
i want 2 poori with xtra sambhar,"['i', 'want', '2', 'poori', 'with', 'xtra', 'sambhar']","['O', 'O', 'B-QUANTITY', 'B-FOOD', 'O', 'B-CUSTOMIZATION', 'I-CUSTOMIZATION']"
3 pongal no onion n ghee,"['3', 'pongal', 'no', 'onion', 'n', 'ghee']","['B-QUANTITY', 'B-FOOD', 'B-CUSTOMIZATION', 'I-CUSTOMIZATION', 'O', 'I-CUSTOMIZATION']"
want masala dosa no butter,"['want', 'masala', 'dosa', 'no', 'butter']","['O', 'B-FOOD', 'I-FOOD', 'B-CUSTOMIZATION', 'I-CUSTOMIZATION']"
add idli x3 extra chutney,"['add', 'idli', 'x3', 'extra', 'chutney']","['O', 'B-FOOD', 'B-QUANTITY', 'B-CUSTOMIZATION', 'I-CUSTOMIZATION']"
need 1 plain dosa no oil,"['need', '1', 'plain', 'dosa', 'no', 'oil']","['O', 'B-QUANTITY', 'B-FOOD', 'I-FOOD', 'B-CUSTOMIZATION', 'I-CUSTOMIZATION']"
just 1 idly xtra chuttni pls,"['just', '1', 'idly', 'xtra', 'chuttni', 'pls']","['O', 'B-QUANTITY', 'B-FOOD', 'B-CUSTOMIZATION', 'I-CUSTOMIZATION', 'O']"
give me dosa less ghee,"['give', 'me', 'dosa', 'less', 'ghee']","['O', 'O', 'B-FOOD', 'B-CUSTOMIZATION', 'I-CUSTOMIZATION']"
2 plate pongal no onion,"['2', 'plate', 'pongal', 'no', 'onion']","['B-QUANTITY', 'I-QUANTITY', 'B-FOOD', 'B-CUSTOMIZATION', 'I-CUSTOMIZATION']"
1 poori less oil pls,"['1', 'poori', 'less', 'oil', 'pls']","['B-QUANTITY', 'B-FOOD', 'B-CUSTOMIZATION', 'I-CUSTOMIZATION', 'O']"
xtra hot chutny with my idli,"['xtra', 'hot', 'chutny', 'with', 'my', 'idli']","['B-CUSTOMIZATION', 'I-CUSTOMIZATION', 'I-CUSTOMIZATION', 'O', 'O', 'B-FOOD']"
pls send 4 idlies n vada,"['pls', 'send', '4', 'idlies', 'n', 'vada']","['O', 'O', 'B-QUANTITY', 'B-FOOD', 'O', 'B-FOOD']"
idli x2 wit no coconut,"['idli', 'x2', 'wit', 'no', 'coconut']","['B-FOOD', 'B-QUANTITY', 'O', 'B-CUSTOMIZATION', 'I-CUSTOMIZATION']"
one idli witout oil,"['one', 'idli', 'witout', 'oil']","['B-QUANTITY', 'B-FOOD', 'B-CUSTOMIZATION', 'I-CUSTOMIZATION']"
give extra sambhar and 1 dosa,"['give', 'extra', 'sambhar', 'and', '1', 'dosa']","['O', 'B-CUSTOMIZATION', 'I-CUSTOMIZATION', 'O', 'B-QUANTITY', 'B-FOOD']"
can i get 3x idlis xtra crispy,"['can', 'i', 'get', '3x', 'idlis', 'xtra', 'crispy']","['O', 'O', 'O', 'B-QUANTITY', 'B-FOOD', 'B-CUSTOMIZATION', 'I-CUSTOMIZATION']"
1 masla dosa with less oil,"['1', 'masla', 'dosa', 'with', 'less', 'oil']","['QUANTITY', 'FOOD', 'FOOD', 'O', 'CUSTOMIZATION', 'CUSTOMIZATION']"
can i have 2 iddlies pls,"['can', 'i', 'have', '2', 'iddlies', 'pls']","['O', 'O', 'O', 'QUANTITY', 'FOOD', 'O']"
send me 1 uttapam extra crispy,"['send', 'me', '1', 'uttapam', 'extra', 'crispy']","['O', 'O', 'QUANTITY', 'FOOD', 'CUSTOMIZATION', 'CUSTOMIZATION']"
give one vadaa and no chutney,"['give', 'one', 'vadaa', 'and', 'no', 'chutney']","['O', 'QUANTITY', 'FOOD', 'O', 'CUSTOMIZATION', 'CUSTOMIZATION']"
i want a plain dosa,"['i', 'want', 'a', 'plain', 'dosa']","['O', 'O', 'O', 'FOOD', 'FOOD']"
3 idli xtra sambhar,"['3', 'idli', 'xtra', 'sambhar']","['QUANTITY', 'FOOD', 'CUSTOMIZATION', 'CUSTOMIZATION']"
need 1 rava dosa now,"['need', '1', 'rava', 'dosa', 'now']","['O', 'QUANTITY', 'FOOD', 'FOOD', 'O']"
pls no ghee on pongal,"['pls', 'no', 'ghee', 'on', 'pongal']","['O', 'CUSTOMIZATION', 'CUSTOMIZATION', 'O', 'FOOD']"
add 1 kesari also,"['add', '1', 'kesari', 'also']","['O', 'QUANTITY', 'FOOD', 'O']"
two idlis with xtra ghee,"['two', 'idlis', 'with', 'xtra', 'ghee']","['QUANTITY', 'FOOD', 'O', 'CUSTOMIZATION', 'CUSTOMIZATION']"
i need 1 puri and sabji,"['i', 'need', '1', 'puri', 'and', 'sabji']","['O', 'O', 'QUANTITY', 'FOOD', 'O', 'FOOD']"
idli sambhar combo pls,"['idli', 'sambhar', 'combo', 'pls']","['FOOD', 'FOOD', 'O', 'O']"
1 vada less salt,"['1', 'vada', 'less', 'salt']","['QUANTITY', 'FOOD', 'CUSTOMIZATION', 'CUSTOMIZATION']"
give me a ghee roast,"['give', 'me', 'a', 'ghee', 'roast']","['O', 'O', 'O', 'FOOD', 'FOOD']"
can i get 3 mini idlis,"['can', 'i', 'get', '3', 'mini', 'idlis']","['O', 'O', 'O', 'QUANTITY', 'QUANTITY', 'FOOD']"
order 1 plain uthapam,"['order', '1', 'plain', 'uthapam']","['O', 'QUANTITY', 'FOOD', 'FOOD']"
extra chutni with 2 idly,"['extra', 'chutni', 'with', '2', 'idly']","['CUSTOMIZATION', 'CUSTOMIZATION', 'O', 'QUANTITY', 'FOOD']"
pls include 1 onion dosa,"['pls', 'include', '1', 'onion', 'dosa']","['O', 'O', 'QUANTITY', 'FOOD', 'FOOD']"
just 1 pongl witout oil,"['just', '1', 'pongl', 'witout', 'oil']","['O', 'QUANTITY', 'FOOD', 'CUSTOMIZATION', 'CUSTOMIZATION']"
need vada sambar no onion,"['need', 'vada', 'sambar', 'no', 'onion']","['O', 'FOOD', 'FOOD', 'CUSTOMIZATION', 'CUSTOMIZATION']"
i'll take one butter dosa,"[""i'll"", 'take', 'one', 'butter', 'dosa']","['O', 'O', 'QUANTITY', 'FOOD', 'FOOD']"
send puri x2 pls,"['send', 'puri', 'x2', 'pls']","['O', 'FOOD', 'QUANTITY', 'O']"
add 1 rva dosa wit less oil,"['add', '1', 'rva', 'dosa', 'wit', 'less', 'oil']","['O', 'QUANTITY', 'FOOD', 'FOOD', 'CUSTOMIZATION', 'CUSTOMIZATION', 'CUSTOMIZATION']"
need onion uttapm no ghee,"['need', 'onion', 'uttapm', 'no', 'ghee']","['O', 'FOOD', 'FOOD', 'CUSTOMIZATION', 'CUSTOMIZATION']"
pls get 1 idlii wit sambar,"['pls', 'get', '1', 'idlii', 'wit', 'sambar']","['O', 'O', 'QUANTITY', 'FOOD', 'CUSTOMIZATION', 'CUSTOMIZATION']"
add a sambhar vada,"['add', 'a', 'sambhar', 'vada']","['O', 'O', 'FOOD', 'FOOD']"
extra idly for me,"['extra', 'idly', 'for', 'me']","['CUSTOMIZATION', 'FOOD', 'O', 'O']"
3 masala dosas no chutny,"['3', 'masala', 'dosas', 'no', 'chutny']","['QUANTITY', 'FOOD', 'FOOD', 'CUSTOMIZATION', 'CUSTOMIZATION']"
send me a paper dosa,"['send', 'me', 'a', 'paper', 'dosa']","['O', 'O', 'O', 'FOOD', 'FOOD']"
get 1 onion rava dosa,"['get', '1', 'onion', 'rava', 'dosa']","['O', 'QUANTITY', 'FOOD', 'FOOD', 'FOOD']"
i want 2 chole bature,"['i', 'want', '2', 'chole', 'bature']","['O', 'O', 'QUANTITY', 'FOOD', 'FOOD']"
send kesari x1 now,"['send', 'kesari', 'x1', 'now']","['O', 'FOOD', 'QUANTITY', 'O']"
pls get 1 uthpam extra crispy,"['pls', 'get', '1', 'uthpam', 'extra', 'crispy']","['O', 'O', 'QUANTITY', 'FOOD', 'CUSTOMIZATION', 'CUSTOMIZATION']"
need masal dosaa with no spice,"['need', 'masal', 'dosaa', 'with', 'no', 'spice']","['O', 'FOOD', 'FOOD', 'O', 'CUSTOMIZATION', 'CUSTOMIZATION']"
can you add 1 vadaa to order,"['can', 'you', 'add', '1', 'vadaa', 'to', 'order']","['O', 'O', 'O', 'QUANTITY', 'FOOD', 'O', 'O']"
just 1 poori and sabjee,"['just', '1', 'poori', 'and', 'sabjee']","['O', 'QUANTITY', 'FOOD', 'O', 'FOOD']"
give 1 cheese dosa,"['give', '1', 'cheese', 'dosa']","['O', 'QUANTITY', 'FOOD', 'FOOD']"
order idli x2 no spice,"['order', 'idli', 'x2', 'no', 'spice']","['O', 'FOOD', 'QUANTITY', 'CUSTOMIZATION', 'CUSTOMIZATION']"
can i have 1 set dosa,"['can', 'i', 'have', '1', 'set', 'dosa']","['O', 'O', 'O', 'QUANTITY', 'FOOD', 'FOOD']"
need 1 idli and kesri,"['need', '1', 'idli', 'and', 'kesri']","['O', 'QUANTITY', 'FOOD', 'O', 'FOOD']"
pls 1 rva dosa no ghee,"['pls', '1', 'rva', 'dosa', 'no', 'ghee']","['O', 'QUANTITY', 'FOOD', 'FOOD', 'CUSTOMIZATION', 'CUSTOMIZATION']"
give me 2 sambhr vada,"['give', 'me', '2', 'sambhr', 'vada']","['O', 'O', 'QUANTITY', 'FOOD', 'FOOD']"
1 chutni dosaa extra spice,"['1', 'chutni', 'dosaa', 'extra', 'spice']","['QUANTITY', 'FOOD', 'FOOD', 'CUSTOMIZATION', 'CUSTOMIZATION']"
send me 3 mini uttapams,"['send', 'me', '3', 'mini', 'uttapams']","['O', 'O', 'QUANTITY', 'QUANTITY', 'FOOD']"
order a plain rava dosa,"['order', 'a', 'plain', 'rava', 'dosa']","['O', 'O', 'FOOD', 'FOOD', 'FOOD']"
just give 1 idly and 1 vada,"['just', 'give', '1', 'idly', 'and', '1', 'vada']","['O', 'O', 'QUANTITY', 'FOOD', 'O', 'QUANTITY', 'FOOD']"
2 plate puri with sambar,"['2', 'plate', 'puri', 'with', 'sambar']","['QUANTITY', 'QUANTITY', 'FOOD', 'O', 'CUSTOMIZATION']"
need ghee roast without ghee,"['need', 'ghee', 'roast', 'without', 'ghee']","['O', 'FOOD', 'FOOD', 'CUSTOMIZATION', 'CUSTOMIZATION']"
send onion dosa and butter idli,"['send', 'onion', 'dosa', 'and', 'butter', 'idli']","['O', 'FOOD', 'FOOD', 'O', 'FOOD', 'FOOD']"
